,yield_spread,credit_spread,jobless_claims,building_permits,volatility_proxy
1975-01-31,-0.3700000000000001,-3.3100000000000005,-508000.0,869.0,-19.467792696747686
1975-02-28,-1.1499999999999995,-3.2600000000000007,-522125.0,726.0,-16.709174835187294
1975-03-31,-2.1900000000000004,-2.75,-552750.0,729.0,-17.26222235225648
1975-04-30,-2.74,-2.3499999999999996,-543650.0,709.0,-16.292137863989993
1975-05-31,-2.8400000000000007,-2.629999999999999,-536187.5,866.0,-14.698889062907055
1975-06-30,-2.3100000000000005,-2.759999999999999,-508600.0,914.0,-12.604940772748568
1975-07-31,-1.9600000000000009,-2.49,-499062.5,946.0,-11.092181659774793
1975-08-31,-2.2600000000000007,-2.1899999999999995,-452625.0,1020.0,-17.11155464334473
1975-09-30,-2.1899999999999995,-2.1799999999999997,-452100.0,994.0,-16.834529052185122
1975-10-31,-2.3200000000000003,-2.4799999999999986,-447687.5,1064.0,-15.110713219532016
1975-11-30,-2.830000000000001,-2.51,-430125.0,1096.0,-10.451774746972509
1975-12-31,-2.8,-2.5600000000000005,-408900.0,1110.0,-12.61139519450197
1976-01-31,-2.87,-2.67,-379125.0,1091.0,-13.150125795136173
1976-02-29,-3.0200000000000005,-2.45,-376100.0,1195.0,-13.02024757689931
1976-03-31,-2.8900000000000006,-2.389999999999999,-353750.0,1190.0,-11.864075696284853
1976-04-30,-2.7399999999999993,-2.38,-353687.5,1164.0,-11.235248752935787
1976-05-31,-2.6100000000000003,-1.959999999999999,-370125.0,1132.0,-11.08630151963067
1976-06-30,-2.38,-2.0300000000000002,-382600.0,1194.0,-10.373093840637331
1976-07-31,-2.5200000000000005,-1.9900000000000002,-394375.0,1188.0,-7.8110153333947965
1976-08-31,-2.4799999999999995,-1.870000000000001,-391200.0,1245.0,-9.445585802768887
1976-09-30,-2.34,-1.8100000000000005,-388125.0,1309.0,-10.426989959201824
1976-10-31,-2.3900000000000006,-1.879999999999999,-401625.0,1481.0,-12.53614264719933
1976-11-30,-2.34,-1.9400000000000004,-408750.0,1425.0,-12.162420008924778
1976-12-31,-2.2199999999999998,-2.249999999999999,-397812.5,1531.0,-7.396400328656333
1977-01-31,-2.5999999999999996,-1.87,-386625.0,1511.0,-8.469590501902093
1977-02-28,-2.71,-1.7299999999999995,-384000.0,1466.0,-6.585966278302383
1977-03-31,-2.7699999999999996,-1.6599999999999993,-458187.5,1560.0,-8.678115536428438
1977-04-30,-2.6399999999999997,-1.7000000000000002,-372750.0,1660.0,-11.42886869734644
1977-05-31,-2.1100000000000003,-1.5499999999999998,-363650.0,1660.0,-8.755734755496922
1977-06-30,-1.8900000000000006,-1.63,-377875.0,1668.0,-7.539837689822199
1977-07-31,-1.9100000000000001,-1.5399999999999991,-367687.5,1752.0,-9.019945728335408
1977-08-31,-1.5,-1.42,-360400.0,1687.0,-8.032778897801283
1977-09-30,-1.2000000000000002,-1.4600000000000009,-367437.5,1780.0,-7.637566881241575
1977-10-31,-1.0499999999999998,-1.370000000000001,-366562.5,1674.0,-8.92821595208057
1977-11-30,-1.0700000000000003,-1.3699999999999992,-362400.0,1758.0,-13.052159279437307
1977-12-31,-1.1300000000000008,-1.2999999999999998,-355937.5,1771.0,-8.882289797824333
1978-01-31,-1.2599999999999998,-1.21,-358450.0,1754.0,-9.51715945751695
1978-02-28,-1.2499999999999991,-1.17,-351187.5,1740.0,-9.448582757405992
1978-03-31,-1.2499999999999991,-1.1800000000000015,-370250.0,1736.0,-8.446930015206208
1978-04-30,-1.2600000000000007,-1.17,-366875.0,1799.0,-13.617607591172534
1978-05-31,-0.9899999999999993,-1.1400000000000006,-332950.0,1948.0,-11.405351770916333
1978-06-30,-0.8600000000000012,-1.1399999999999988,-325437.5,1766.0,-11.030439470712123
1978-07-31,-0.830000000000001,-0.9599999999999991,-322437.5,1983.0,-9.703013850542359
1978-08-31,-0.370000000000001,-1.0700000000000003,-344450.0,1786.0,-10.563950593048258
1978-09-30,0.02999999999999936,-1.0,-351812.5,1691.0,-11.199275093784744
1978-10-31,0.3200000000000003,-0.9499999999999993,-328450.0,1751.0,-14.240555307294645
1978-11-30,0.9499999999999993,-1.0199999999999996,-327125.0,1781.0,-19.970751534206464
1978-12-31,1.0199999999999996,-0.9299999999999997,-322687.5,1795.0,-14.808742881896386
1979-01-31,0.9700000000000006,-1.0300000000000011,-352600.0,1818.0,-10.565662846304724
1979-02-28,0.9600000000000009,-0.9800000000000004,-359562.5,1461.0,-10.197693171947327
1979-03-31,0.9700000000000006,-1.1400000000000006,-353437.5,1492.0,-8.951747171660616
1979-04-30,0.8300000000000001,-1.1500000000000004,-359400.0,1720.0,-9.26088427431321
1979-05-31,0.9900000000000002,-1.2200000000000006,-406187.5,1597.0,-10.343912162636189
1979-06-30,1.379999999999999,-1.4700000000000006,-361187.5,1684.0,-7.95272177164038
1979-07-31,1.5200000000000014,-1.3399999999999999,-353350.0,1640.0,-9.416781101922506
1979-08-31,1.9100000000000001,-1.3200000000000003,-373000.0,1534.0,-6.67567538048287
1979-09-30,2.0999999999999996,-1.209999999999999,-392875.0,1591.0,-13.138737793832933
1979-10-31,3.469999999999999,-1.0999999999999996,-385800.0,1638.0,-16.50305755419618
1979-11-30,2.5299999999999994,-1.3399999999999999,-397937.5,1481.0,-13.62023666636566
1979-12-31,3.389999999999999,-1.67,-405937.5,1276.0,-7.771995264849014
1980-01-31,3.0199999999999996,-1.6199999999999992,-422150.0,1254.0,-14.527957161741966
1980-02-29,1.7200000000000006,-1.1600000000000001,-420750.0,1280.0,-15.862088819395337
1980-03-31,4.440000000000001,-1.6999999999999993,-417625.0,1199.0,-22.719424697499385
1980-04-30,6.139999999999999,-2.719999999999999,-424400.0,988.0,-18.317167268298487
1980-05-31,0.8000000000000007,-2.99,-492125.0,808.0,-13.318307766223258
1980-06-30,-0.3099999999999987,-2.9300000000000015,-591900.0,861.0,-12.972528562789318
1980-07-31,-1.2200000000000006,-2.4000000000000004,-615500.0,1118.0,-11.891843619349071
1980-08-31,-1.4900000000000002,-2.0500000000000007,-579875.0,1259.0,-14.66154137691974
1980-09-30,-0.6400000000000006,-2.1899999999999995,-542500.0,1367.0,-18.185681882818244
1980-10-31,1.0600000000000005,-2.4800000000000004,-498000.0,1484.0,-15.795277841014919
1980-11-30,3.17,-1.9600000000000009,-454250.0,1366.0,-16.685784456330936
1980-12-31,6.059999999999999,-2.3000000000000007,-417200.0,1383.0,-18.661506983119576
1981-01-31,6.509999999999998,-2.459999999999999,-411562.5,1249.0,-13.732155560267293
1981-02-28,2.74,-2.1799999999999997,-411200.0,1221.0,-14.590817728982616
1981-03-31,1.58,-2.2200000000000006,-420562.5,1199.0,-15.552323220710363
1981-04-30,2.040000000000001,-1.8800000000000008,-417187.5,1183.0,-10.07820014343097
1981-05-31,4.42,-1.8499999999999996,-407625.0,1190.0,-11.056002654576194
1981-06-30,5.630000000000001,-2.33,-416050.0,1173.0,-10.905240615989701
1981-07-31,4.76,-1.8900000000000023,-424750.0,976.0,-11.497959690605223
1981-08-31,2.880000000000001,-1.4000000000000004,-438250.0,935.0,-14.352186185981635
1981-09-30,0.5499999999999989,-1.6000000000000014,-442400.0,889.0,-18.178081870667036
1981-10-31,-0.07000000000000028,-1.959999999999999,-459875.0,847.0,-15.371666068534015
1981-11-30,-0.08000000000000007,-3.0,-486900.0,731.0,-13.804107083580961
1981-12-31,-1.3500000000000014,-2.83,-505125.0,748.0,-10.186261293582845
1982-01-31,-1.3699999999999992,-2.5100000000000016,-538750.0,796.0,-18.239970682452896
1982-02-28,0.34999999999999964,-2.75,-531750.0,794.0,-15.514205945353146
1982-03-31,0.8200000000000003,-2.960000000000001,-545437.5,808.0,-14.324884416506766
1982-04-30,1.0700000000000003,-2.910000000000002,-544250.0,891.0,-12.136958984393706
1982-05-31,0.8300000000000001,-3.0200000000000014,-576500.0,888.0,-10.147179099823603
1982-06-30,-0.15000000000000036,-2.620000000000001,-584900.0,953.0,-13.29311648596104
1982-07-31,-1.3599999999999994,-2.8500000000000014,-598187.5,913.0,-10.834553409844219
1982-08-31,-2.9400000000000013,-3.26,-580400.0,1044.0,-26.450683269299226
1982-09-30,-2.0299999999999994,-3.290000000000001,-605750.0,926.0,-16.371789440122992
1982-10-31,-1.1999999999999993,-3.8200000000000003,-649500.0,1042.0,-26.504231807124896
1982-11-30,-1.3500000000000014,-3.75,-662450.0,1149.0,-26.116138552762823
1982-12-31,-1.5899999999999999,-3.6000000000000014,-608250.0,1229.0,-17.246894004669507
1983-01-31,-1.7800000000000011,-3.4799999999999986,-558562.5,1351.0,-20.167299300451035
1983-02-28,-2.210000000000001,-3.2299999999999986,-505300.0,1426.0,-16.26950231351431
1983-03-31,-1.7400000000000002,-3.0999999999999996,-491437.5,1471.0,-13.21297081994119
1983-04-30,-1.5999999999999996,-2.889999999999999,-483062.5,1475.0,-12.396517241535921
1983-05-31,-1.75,-2.709999999999999,-490850.0,1566.0,-11.671263880309674
1983-06-30,-1.8699999999999992,-2.5199999999999996,-481437.5,1669.0,-12.540580399232931
1983-07-31,-2.0100000000000016,-2.01,-451125.0,1769.0,-17.351677287112786
1983-08-31,-2.289999999999999,-1.790000000000001,-418250.0,1795.0,-12.490065746989538
1983-09-30,-2.200000000000001,-1.9000000000000004,-423625.0,1713.0,-11.49771831487709
1983-10-31,-2.0599999999999987,-1.9200000000000017,-419000.0,1585.0,-11.799409102445162
1983-11-30,-2.3499999999999996,-1.92,-405550.0,1716.0,-10.163149259940027
1983-12-31,-2.3599999999999994,-1.92,-394750.0,1668.0,-8.147235808650501
1984-01-31,-2.1099999999999994,-1.9800000000000004,-375100.0,1627.0,-9.981966525257985
1984-02-29,-2.25,-1.75,-358687.5,1816.0,-16.06096526342924
1984-03-31,-2.41,-1.67,-343875.0,1987.0,-12.70702743428932
1984-04-30,-2.3400000000000016,-1.6799999999999997,-344350.0,1725.0,-11.709297924290151
1984-05-31,-3.09,-1.33,-360125.0,1776.0,-9.584037491601565
1984-06-30,-2.5,-1.4900000000000002,-364750.0,1741.0,-14.462670031230196
1984-07-31,-2.129999999999999,-1.790000000000001,-360050.0,1814.0,-10.368560594610669
1984-08-31,-1.08,-1.9100000000000001,-361375.0,1605.0,-17.487814870454503
1984-09-30,-1.2199999999999989,-1.83,-376000.0,1530.0,-11.48846906852295
1984-10-31,-2.17,-1.7799999999999994,-394300.0,1523.0,-12.164457587973411
1984-11-30,-2.1400000000000006,-1.9100000000000001,-408375.0,1490.0,-11.298247730362643
1984-12-31,-3.119999999999999,-1.9000000000000004,-414312.5,1643.0,-12.426731991069305
1985-01-31,-3.030000000000001,-1.879999999999999,-393850.0,1626.0,-12.94839671448986
1985-02-28,-3.01,-1.7200000000000006,-375250.0,1660.0,-10.183774225922988
1985-03-31,-3.2799999999999994,-1.83,-382875.0,1662.0,-10.060314911568558
1985-04-30,-3.16,-2.08,-383850.0,1727.0,-7.604598353533159
1985-05-31,-2.88,-2.3000000000000007,-394437.5,1664.0,-9.203762141581894
1985-06-30,-2.63,-2.24,-391937.5,1709.0,-9.865306903126376
1985-07-31,-2.4300000000000006,-2.119999999999999,-394000.0,1716.0,-9.280341159173165
1985-08-31,-2.4299999999999997,-2.17,-385750.0,1697.0,-8.649289363287606
1985-09-30,-2.4499999999999993,-2.110000000000001,-393200.0,1808.0,-10.594297771070003
1985-10-31,-2.25,-2.119999999999999,-410312.5,1916.0,-9.778465787699123
1985-11-30,-1.7299999999999986,-2.210000000000001,-402812.5,1743.0,-9.906690819063565
1985-12-31,-0.9900000000000002,-2.3200000000000003,-399100.0,1692.0,-11.958581204878117
1986-01-31,-1.049999999999999,-2.25,-388250.0,1794.0,-18.121363636363636
1986-02-28,-0.839999999999999,-2.41,-375187.5,1847.0,-20.62421052631579
1986-03-31,-0.2999999999999998,-2.7199999999999998,-363562.5,1767.0,-23.564
1986-04-30,-0.3099999999999996,-2.8899999999999997,-376600.0,1780.0,-23.015454545454546
1986-05-31,-0.8600000000000003,-2.579999999999999,-386812.5,1858.0,-18.8875
1986-06-30,-0.8799999999999999,-2.54,-388600.0,1797.0,-18.598095238095237
1986-07-31,-0.7400000000000002,-2.8600000000000003,-374187.5,1790.0,-19.63909090909091
1986-08-31,-1.0,-3.01,-365812.5,1780.0,-18.638095238095236
1986-09-30,-1.5600000000000005,-2.749999999999999,-394950.0,1726.0,-22.705238095238094
1986-10-31,-1.58,-2.8100000000000005,-398312.5,1686.0,-22.52391304347826
1986-11-30,-1.21,-2.8200000000000003,-389000.0,1675.0,-18.63157894736842
1986-12-31,-0.20000000000000018,-2.8600000000000003,-366350.0,1644.0,-19.758636363636363
1987-01-31,-0.6500000000000004,-2.6400000000000006,-364125.0,1903.0,-20.76666666666667
1987-02-28,-1.1500000000000004,-2.4000000000000004,-343950.0,1690.0,-23.446315789473687
1987-03-31,-1.12,-2.3599999999999994,-353687.5,1689.0,-21.83727272727273
1987-04-30,-1.6499999999999995,-2.0199999999999996,-338312.5,1704.0,-26.88142857142857
1987-05-31,-1.7599999999999998,-1.9000000000000004,-333937.5,1601.0,-25.4115
1987-06-30,-1.67,-2.119999999999999,-331750.0,1500.0,-21.624545454545455
1987-07-31,-1.8699999999999992,-2.16,-326812.5,1522.0,-17.80090909090909
1987-08-31,-2.0299999999999994,-2.040000000000001,-320687.5,1516.0,-20.849047619047617
1987-09-30,-2.2,-1.8900000000000006,-325600.0,1511.0,-22.893809523809523
1987-10-31,-2.2299999999999995,-2.0999999999999996,-312437.5,1514.0,-58.219545454545454
1987-11-30,-2.169999999999999,-2.370000000000001,-304800.0,1447.0,-49.4365
1987-12-31,-2.2200000000000006,-2.299999999999999,-301187.5,1457.0,-41.7640909090909
1988-01-31,-1.8399999999999999,-2.4000000000000004,-315500.0,1345.0,-38.3365
1988-02-29,-1.6300000000000008,-2.4099999999999984,-328300.0,1244.0,-33.674
1988-03-31,-1.7899999999999991,-2.200000000000001,-327187.5,1438.0,-29.356956521739132
1988-04-30,-1.8500000000000005,-2.1799999999999997,-311250.0,1525.0,-27.405
1988-05-31,-2.0,-1.9499999999999993,-309850.0,1429.0,-25.716666666666665
1988-06-30,-1.4100000000000001,-2.08,-312875.0,1444.0,-25.270909090909093
1988-07-31,-1.3100000000000005,-2.049999999999999,-310937.5,1485.0,-23.644
1988-08-31,-1.25,-1.950000000000001,-313200.0,1439.0,-23.707391304347826
1988-09-30,-0.7900000000000009,-1.92,-322687.5,1460.0,-19.524285714285714
1988-10-31,-0.5,-1.6099999999999994,-308812.5,1436.0,-20.48190476190476
1988-11-30,-0.6100000000000012,-1.5199999999999996,-295050.0,1516.0,-21.65904761904762
1988-12-31,-0.34999999999999964,-1.540000000000001,-289125.0,1508.0,-17.754285714285714
1989-01-31,0.02999999999999936,-1.5600000000000005,-292800.0,1501.0,-17.75809523809524
1989-02-28,0.1899999999999995,-1.4399999999999995,-292562.5,1466.0,-18.312631578947368
1989-03-31,0.4900000000000002,-1.3100000000000005,-297500.0,1383.0,-17.475454545454543
1989-04-30,0.6600000000000001,-1.4299999999999997,-316500.0,1214.0,-16.8875
1989-05-31,0.9500000000000011,-1.6000000000000014,-315400.0,1376.0,-17.435
1989-06-30,1.25,-1.75,-318187.5,1381.0,-16.73227272727273
1989-07-31,1.2200000000000006,-1.8499999999999996,-328562.5,1322.0,-18.0565
1989-08-31,0.8800000000000008,-1.7700000000000014,-341400.0,1283.0,-19.323478260869564
1989-09-30,0.8300000000000001,-1.7200000000000006,-336562.5,1334.0,-16.7465
1989-10-31,0.8300000000000001,-1.8000000000000007,-333400.0,1314.0,-21.950909090909093
1989-11-30,0.6800000000000006,-1.9400000000000004,-359625.0,1365.0,-20.932380952380953
1989-12-31,0.6099999999999994,-1.9800000000000004,-340937.5,1344.0,-18.235
1990-01-31,0.019999999999999574,-1.7299999999999986,-347350.0,1422.0,-23.49909090909091
1990-02-28,-0.23000000000000043,-1.67,-363312.5,1748.0,-23.326842105263157
1990-03-31,-0.3100000000000005,-1.620000000000001,-360812.5,1329.0,-18.831363636363637
1990-04-30,-0.5299999999999994,-1.5100000000000016,-348400.0,1246.0,-20.4575
1990-05-31,-0.5800000000000001,-1.6500000000000004,-354437.5,1136.0,-18.151818181818182
1990-06-30,-0.19000000000000128,-1.7400000000000002,-357000.0,1067.0,-17.582857142857144
1990-07-31,-0.3200000000000003,-1.7299999999999986,-360550.0,1108.0,-18.932857142857145
1990-08-31,-0.6199999999999992,-1.6600000000000001,-364562.5,1078.0,-27.77521739130435
1990-09-30,-0.6900000000000013,-1.75,-375812.5,1069.0,-28.81894736842105
1990-10-31,-0.6100000000000012,-2.0199999999999996,-392200.0,976.0,-30.130434782608695
1990-11-30,-0.580000000000001,-2.2299999999999986,-411062.5,925.0,-25.106666666666666
1990-12-31,-0.7700000000000005,-2.3499999999999996,-439500.0,941.0,-22.5845
1991-01-31,-1.1799999999999997,-2.3599999999999994,-453550.0,861.0,-26.931818181818183
1991-02-28,-1.5999999999999996,-2.2200000000000006,-442500.0,786.0,-22.11263157894737
1991-03-31,-1.9899999999999993,-1.9800000000000004,-470750.0,853.0,-19.041052631578946
1991-04-30,-2.129999999999999,-1.9000000000000004,-494200.0,911.0,-18.927272727272726
1991-05-31,-2.29,-1.7899999999999991,-479375.0,916.0,-17.18045454545455
1991-06-30,-2.379999999999999,-1.6800000000000015,-456250.0,991.0,-17.575
1991-07-31,-2.4499999999999993,-1.620000000000001,-435700.0,964.0,-17.669545454545457
1991-08-31,-2.24,-1.75,-419750.0,973.0,-15.932727272727272
1991-09-30,-2.2,-1.8599999999999994,-428950.0,944.0,-17.029
1991-10-31,-2.3200000000000003,-1.96,-423937.5,974.0,-16.846363636363638
1991-11-30,-2.6100000000000003,-2.0299999999999994,-424937.5,991.0,-17.6815
1991-12-31,-2.66,-2.17,-439050.0,984.0,-18.018571428571427
1992-01-31,-3.0,-2.1000000000000005,-456062.5,1061.0,-17.499545454545455
1992-02-29,-3.2800000000000002,-1.8900000000000006,-440312.5,1077.0,-17.050526315789472
1992-03-31,-3.56,-1.71,-442150.0,1146.0,-16.222727272727273
1992-04-30,-3.7500000000000004,-1.7300000000000004,-434062.5,1082.0,-16.18857142857143
1992-05-31,-3.57,-1.740000000000001,-421000.0,1054.0,-14.728
1992-06-30,-3.5,-1.790000000000001,-420300.0,1056.0,-14.753181818181817
1992-07-31,-3.59,-2.0,-416062.5,1057.0,-13.303636363636365
1992-08-31,-3.29,-2.0600000000000005,-419875.0,1089.0,-14.422380952380953
1992-09-30,-3.1999999999999997,-2.1999999999999993,-430350.0,1075.0,-14.258571428571429
1992-10-31,-3.4899999999999998,-2.25,-412250.0,1114.0,-17.47863636363636
1992-11-30,-3.7800000000000002,-2.0900000000000007,-391950.0,1132.0,-14.594
1992-12-31,-3.8499999999999996,-2.040000000000001,-368500.0,1118.0,-12.781363636363636
1993-01-31,-3.5799999999999996,-2.0700000000000003,-348250.0,1176.0,-12.5745
1993-02-28,-3.23,-2.130000000000001,-341200.0,1177.0,-13.505263157894738
1993-03-31,-2.9100000000000006,-2.17,-334812.5,1148.0,-13.657391304347826
1993-04-30,-3.01,-2.170000000000001,-350312.5,1056.0,-13.49952380952381
1993-05-31,-3.04,-2.170000000000001,-355687.5,1104.0,-13.535
1993-06-30,-2.92,-2.1100000000000003,-345050.0,1112.0,-13.002272727272727
1993-07-31,-2.7499999999999996,-2.12,-344187.5,1130.0,-11.99952380952381
1993-08-31,-2.65,-1.92,-341800.0,1174.0,-11.952272727272726
1993-09-30,-2.2700000000000005,-1.9799999999999995,-353437.5,1230.0,-12.621428571428572
1993-10-31,-2.34,-1.9799999999999995,-337750.0,1251.0,-11.377142857142857
1993-11-30,-2.6999999999999997,-1.9400000000000004,-346950.0,1287.0,-13.370952380952382
1993-12-31,-2.8099999999999996,-1.9200000000000008,-346437.5,1357.0,-10.864545454545455
1994-01-31,-2.7,-1.9000000000000004,-332875.0,1461.0,-10.605238095238096
1994-02-28,-2.7199999999999998,-1.79,-338750.0,1390.0,-12.885263157894736
1994-03-31,-3.1400000000000006,-1.6500000000000004,-363250.0,1269.0,-14.240869565217393
1994-04-30,-3.4099999999999997,-1.5499999999999998,-340000.0,1342.0,-15.334736842105263
1994-05-31,-3.17,-1.4399999999999995,-340150.0,1392.0,-13.39
1994-06-30,-2.8499999999999996,-1.5500000000000007,-354625.0,1396.0,-12.94590909090909
1994-07-31,-3.04,-1.5000000000000009,-345312.5,1357.0,-12.1635
1994-08-31,-2.7700000000000005,-1.5,-341600.0,1335.0,-11.39304347826087
1994-09-30,-2.7299999999999995,-1.5200000000000005,-337812.5,1377.0,-12.612380952380953
1994-10-31,-2.9800000000000004,-1.459999999999999,-334125.0,1412.0,-15.04952380952381
1994-11-30,-2.67,-1.3600000000000003,-331900.0,1397.0,-16.24952380952381
1994-12-31,-2.3599999999999994,-1.29,-329250.0,1340.0,-13.806666666666667
1995-01-31,-2.25,-1.2999999999999998,-325850.0,1396.0,-11.711904761904762
1995-02-28,-1.5499999999999998,-1.38,-330125.0,1282.0,-11.197368421052632
1995-03-31,-1.2199999999999998,-1.4999999999999991,-333187.5,1254.0,-11.971304347826086
1995-04-30,-1.0099999999999998,-1.54,-341062.5,1226.0,-12.516842105263157
1995-05-31,-0.6200000000000001,-1.5699999999999994,-344250.0,1259.0,-12.458636363636362
1995-06-30,-0.16999999999999993,-1.7300000000000004,-364375.0,1271.0,-13.17909090909091
1995-07-31,-0.4300000000000006,-1.759999999999999,-369062.5,1305.0,-14.076500000000001
1995-08-31,-0.75,-1.6999999999999993,-370150.0,1354.0,-13.348695652173912
1995-09-30,-0.40000000000000036,-1.7299999999999995,-360500.0,1386.0,-12.237
1995-10-31,-0.28000000000000025,-1.71,-362350.0,1421.0,-14.237727272727273
1995-11-30,-0.1299999999999999,-1.75,-366187.5,1400.0,-12.971904761904764
1995-12-31,-0.11000000000000032,-1.7800000000000002,-374937.5,1430.0,-12.288
1996-01-31,-0.09000000000000075,-1.8199999999999994,-368350.0,1442.0,-14.150454545454545
1996-02-29,-0.5899999999999999,-1.8200000000000003,-366125.0,1387.0,-16.238
1996-03-31,-0.96,-1.7599999999999998,-382000.0,1420.0,-19.081904761904763
1996-04-30,-1.29,-1.6799999999999997,-378050.0,1437.0,-17.512857142857143
1996-05-31,-1.5,-1.5600000000000005,-377562.5,1463.0,-16.96681818181818
1996-06-30,-1.6400000000000006,-1.4900000000000002,-347687.5,1457.0,-17.6755
1996-07-31,-1.4699999999999998,-1.4799999999999995,-344000.0,1429.0,-19.34181818181818
1996-08-31,-1.42,-1.54,-339687.5,1450.0,-16.478181818181817
1996-09-30,-1.5300000000000002,-1.5199999999999996,-331550.0,1413.0,-17.2785
1996-10-31,-1.29,-1.54,-337187.5,1392.0,-17.401304347826088
1996-11-30,-0.8900000000000006,-1.5899999999999999,-340625.0,1358.0,-17.1635
1996-12-31,-1.0099999999999998,-1.5899999999999999,-337800.0,1412.0,-20.118000000000002
1997-01-31,-1.33,-1.5099999999999998,-347812.5,1411.0,-21.031363636363636
1997-02-28,-1.2299999999999995,-1.5200000000000005,-344562.5,1382.0,-21.647894736842105
1997-03-31,-1.3000000000000007,-1.4899999999999993,-328687.5,1445.0,-22.3035
1997-04-30,-1.38,-1.4500000000000002,-318550.0,1436.0,-21.507727272727273
1997-05-31,-1.21,-1.4899999999999993,-323937.5,1421.0,-21.92761904761905
1997-06-30,-0.9300000000000006,-1.5299999999999994,-326600.0,1414.0,-22.743333333333332
1997-07-31,-0.7000000000000002,-1.5300000000000002,-324500.0,1402.0,-23.24772727272727
1997-08-31,-0.7599999999999998,-1.5200000000000005,-325562.5,1440.0,-25.153809523809525
1997-09-30,-0.6699999999999999,-1.4900000000000002,-322950.0,1449.0,-25.592857142857145
1997-10-31,-0.5300000000000002,-1.54,-321125.0,1494.0,-25.61565217391304
1997-11-30,-0.3600000000000003,-1.54,-312500.0,1499.0,-31.545263157894738
1997-12-31,-0.3099999999999996,-1.5100000000000007,-312700.0,1469.0,-26.473181818181818
1998-01-31,0.019999999999999574,-1.6500000000000004,-316062.5,1456.0,-24.427500000000002
1998-02-28,-0.0600000000000005,-1.6799999999999997,-318800.0,1555.0,-20.386315789473684
1998-03-31,-0.16000000000000014,-1.67,-317375.0,1647.0,-20.543181818181818
1998-04-30,-0.1899999999999995,-1.6900000000000004,-316812.5,1605.0,-22.538095238095238
1998-05-31,-0.16000000000000014,-1.6499999999999995,-312625.0,1547.0,-21.448500000000003
1998-06-30,0.05999999999999961,-1.63,-309800.0,1554.0,-21.996363636363636
1998-07-31,0.08000000000000007,-1.6900000000000004,-322500.0,1551.0,-20.251818181818184
1998-08-31,0.20999999999999996,-1.7999999999999998,-345000.0,1610.0,-31.48857142857143
1998-09-30,0.7000000000000002,-2.2800000000000002,-318250.0,1654.0,-39.24714285714286
1998-10-31,0.54,-2.6499999999999995,-306875.0,1577.0,-37.45409090909091
1998-11-30,-0.0,-2.51,-307400.0,1719.0,-25.038
1998-12-31,0.02999999999999936,-2.58,-315250.0,1672.0,-25.47681818181818
1999-01-31,-0.08999999999999986,-2.5700000000000003,-313812.5,1742.0,-28.61684210526316
1999-02-28,-0.2400000000000002,-2.3899999999999997,-327750.0,1732.0,-29.938421052631583
1999-03-31,-0.4200000000000008,-2.3,-305062.5,1720.0,-26.47565217391304
1999-04-30,-0.4399999999999995,-2.3000000000000007,-303187.5,1665.0,-24.693809523809527
1999-05-31,-0.7999999999999998,-2.1799999999999997,-308000.0,1600.0,-27.3765
1999-06-30,-1.1400000000000006,-2.119999999999999,-302300.0,1640.0,-24.123636363636365
1999-07-31,-0.7999999999999998,-2.16,-297687.5,1702.0,-21.486666666666668
1999-08-31,-0.8700000000000001,-2.21,-294300.0,1682.0,-24.90909090909091
1999-09-30,-0.7000000000000002,-2.2799999999999994,-296187.5,1671.0,-25.58
1999-10-31,-0.9100000000000001,-2.2700000000000005,-287812.5,1551.0,-25.369999999999997
1999-11-30,-0.6100000000000003,-2.12,-293350.0,1649.0,-22.22952380952381
1999-12-31,-0.9800000000000004,-1.9099999999999993,-282062.5,1672.0,-23.222272727272728
2000-01-31,-1.21,-1.67,-281437.5,1683.0,-24.938499999999998
2000-02-29,-0.7899999999999991,-1.7699999999999996,-285300.0,1727.0,-25.456
2000-03-31,-0.41000000000000014,-2.1099999999999994,-294125.0,1692.0,-24.810434782608695
2000-04-30,0.02999999999999936,-2.41,-279625.0,1651.0,-29.833157894736843
2000-05-31,-0.17000000000000082,-2.46,-269000.0,1597.0,-29.429090909090913
2000-06-30,0.4300000000000006,-2.380000000000001,-282500.0,1543.0,-24.31772727272727
2000-07-31,0.4900000000000002,-2.3,-285750.0,1572.0,-22.66
2000-08-31,0.6699999999999999,-2.4299999999999997,-293150.0,1542.0,-20.484347826086957
2000-09-30,0.7199999999999998,-2.55,-307125.0,1552.0,-22.3365
2000-10-31,0.7699999999999996,-2.5999999999999996,-306400.0,1570.0,-28.21409090909091
2000-11-30,0.79,-2.5599999999999996,-299187.5,1577.0,-29.211904761904766
2000-12-31,1.1600000000000001,-2.7799999999999994,-318125.0,1614.0,-30.1045
2001-01-31,0.8200000000000003,-2.7699999999999996,-341450.0,1543.0,-27.830000000000002
2001-02-28,0.39000000000000057,-2.7700000000000005,-343187.5,1699.0,-26.159473684210525
2001-03-31,0.41999999999999993,-2.95,-361937.5,1656.0,-32.42318181818182
2001-04-30,-0.33999999999999986,-2.9300000000000006,-383500.0,1659.0,-32.245
2001-05-31,-1.1799999999999997,-2.6800000000000006,-391250.0,1666.0,-26.095000000000002
2001-06-30,-1.31,-2.6899999999999995,-394000.0,1665.0,-23.30047619047619
2001-07-31,-1.4700000000000002,-2.7299999999999995,-400750.0,1626.0,-24.85904761904762
2001-08-31,-1.3199999999999998,-2.88,-396312.5,1598.0,-24.260434782608694
2001-09-30,-1.6600000000000006,-3.299999999999999,-396875.0,1615.0,-38.55133333333333
2001-10-31,-2.08,-3.34,-411550.0,1565.0,-34.44695652173913
2001-11-30,-2.5600000000000005,-3.1599999999999993,-478062.5,1566.0,-28.254285714285714
2001-12-31,-3.2699999999999996,-2.960000000000001,-455750.0,1651.0,-24.5395
2002-01-31,-3.31,-2.83,-430750.0,1680.0,-23.615238095238094
2002-02-28,-3.17,-2.9799999999999995,-409375.0,1665.0,-24.66842105263158
2002-03-31,-3.5500000000000003,-2.829999999999999,-404312.5,1787.0,-21.014
2002-04-30,-3.46,-2.8199999999999994,-401700.0,1691.0,-21.814545454545456
2002-05-31,-3.41,-2.9299999999999997,-438187.5,1669.0,-22.63
2002-06-30,-3.1799999999999997,-3.0200000000000005,-413500.0,1716.0,-28.599
2002-07-31,-2.9200000000000004,-3.25,-392900.0,1758.0,-38.49727272727272
2002-08-31,-2.5199999999999996,-3.3200000000000003,-387125.0,1738.0,-37.25272727272727
2002-09-30,-2.12,-3.5300000000000002,-390350.0,1695.0,-41.656
2002-10-31,-2.19,-3.7900000000000005,-405500.0,1803.0,-41.39739130434783
2002-11-30,-2.71,-3.5700000000000003,-406562.5,1799.0,-32.005
2002-12-31,-2.79,-3.42,-400000.0,1771.0,-31.830952380952382
2003-01-31,-2.8099999999999996,-3.3,-405250.0,1896.0,-30.668571428571425
2003-02-28,-2.6399999999999997,-3.1599999999999997,-397562.5,1808.0,-36.54052631578947
2003-03-31,-2.56,-3.14,-405375.0,1854.0,-35.194761904761904
2003-04-30,-2.7,-2.8899999999999997,-424050.0,1757.0,-27.142380952380954
2003-05-31,-2.3099999999999996,-2.81,-429625.0,1803.0,-22.548571428571428
2003-06-30,-2.1100000000000003,-2.8600000000000003,-429500.0,1835.0,-22.349047619047617
2003-07-31,-2.9699999999999998,-2.64,-423750.0,1875.0,-21.206818181818182
2003-08-31,-3.42,-2.5599999999999996,-418500.0,1885.0,-20.82904761904762
2003-09-30,-3.26,-2.5200000000000005,-400750.0,1966.0,-20.682380952380953
2003-10-31,-3.2800000000000002,-2.4400000000000004,-401000.0,1961.0,-19.184347826086956
2003-11-30,-3.3,-2.3600000000000003,-383625.0,2012.0,-17.838947368421053
2003-12-31,-3.2899999999999996,-2.33,-369900.0,1918.0,-16.375454545454545
2004-01-31,-3.1500000000000004,-2.29,-360187.5,1987.0,-15.834
2004-02-29,-3.0700000000000003,-2.1899999999999995,-356300.0,1952.0,-15.924736842105263
2004-03-31,-2.83,-2.2800000000000002,-365625.0,1966.0,-17.73304347826087
2004-04-30,-3.3499999999999996,-2.1100000000000003,-346250.0,2066.0,-15.788095238095238
2004-05-31,-3.7199999999999998,-2.0300000000000002,-345125.0,2070.0,-18.076
2004-06-30,-3.7,-2.05,-339000.0,2150.0,-15.045238095238094
2004-07-31,-3.24,-2.12,-346062.5,2020.0,-15.668571428571429
2004-08-31,-2.8500000000000005,-2.1799999999999997,-343850.0,2112.0,-16.592727272727274
2004-09-30,-2.5199999999999996,-2.1399999999999997,-340750.0,2056.0,-13.880476190476191
2004-10-31,-2.34,-2.1100000000000003,-337750.0,2041.0,-15.184761904761904
2004-11-30,-2.2600000000000007,-2.01,-337350.0,2097.0,-14.05
2004-12-31,-2.0700000000000003,-1.92,-330687.5,2079.0,-13.014090909090909
2005-01-31,-1.94,-1.7999999999999998,-328250.0,2082.0,-13.512
2005-02-28,-1.67,-1.6500000000000004,-340250.0,2139.0,-11.562631578947368
2005-03-31,-1.87,-1.5599999999999996,-317812.5,2114.0,-12.880454545454546
2005-04-30,-1.5499999999999998,-1.71,-324375.0,2062.0,-14.057142857142857
2005-05-31,-1.1399999999999997,-1.87,-326450.0,2150.0,-13.17904761904762
2005-06-30,-0.96,-1.8600000000000003,-324625.0,2085.0,-11.241818181818182
2005-07-31,-0.9199999999999999,-1.7700000000000005,-330312.5,2178.0,-10.489
2005-08-31,-0.7599999999999998,-1.7000000000000002,-324450.0,2203.0,-11.98521739130435
2005-09-30,-0.5800000000000001,-1.83,-316000.0,2219.0,-11.959047619047618
2005-10-31,-0.6800000000000002,-1.8399999999999999,-355000.0,2263.0,-14.582380952380953
2005-11-30,-0.54,-1.8499999999999996,-371450.0,2170.0,-11.606190476190475
2005-12-31,-0.3099999999999996,-1.8500000000000005,-321750.0,2218.0,-10.923809523809524
2006-01-31,-0.1299999999999999,-1.8200000000000003,-318000.0,2120.0,-11.7115
2006-02-28,-0.08000000000000007,-1.6999999999999993,-304937.5,2212.0,-11.867368421052632
2006-03-31,-0.1299999999999999,-1.6900000000000004,-288750.0,2141.0,-11.19086956521739
2006-04-30,-0.20000000000000018,-1.6899999999999995,-298312.5,2118.0,-11.163684210526315
2006-05-31,-0.16999999999999993,-1.6399999999999997,-299600.0,1998.0,-13.488181818181818
2006-06-30,-0.1200000000000001,-1.67,-327437.5,1905.0,-15.891363636363637
2006-07-31,0.15000000000000036,-1.67,-313125.0,1867.0,-14.522
2006-08-31,0.3700000000000001,-1.71,-317700.0,1763.0,-12.560434782608695
2006-09-30,0.5300000000000002,-1.71,-313062.5,1722.0,-11.397
2006-10-31,0.5199999999999996,-1.6899999999999995,-315850.0,1655.0,-10.808636363636364
2006-11-30,0.6500000000000004,-1.6000000000000005,-313875.0,1570.0,-10.484285714285715
2006-12-31,0.6800000000000006,-1.6600000000000001,-320312.5,1535.0,-10.498999999999999
2007-01-31,0.4900000000000002,-1.58,-325150.0,1638.0,-10.626999999999999
2007-02-28,0.54,-1.5600000000000005,-323312.5,1626.0,-10.920526315789473
2007-03-31,0.7000000000000002,-1.71,-319250.0,1598.0,-14.921363636363635
2007-04-30,0.5599999999999996,-1.6999999999999993,-314900.0,1596.0,-12.246
2007-05-31,0.5,-1.6399999999999997,-318000.0,1470.0,-12.965000000000002
2007-06-30,0.15000000000000036,-1.6000000000000005,-305812.5,1493.0,-14.88190476190476
2007-07-31,0.2599999999999998,-1.6500000000000004,-312700.0,1407.0,-17.247619047619047
2007-08-31,0.34999999999999964,-1.9800000000000004,-316062.5,1361.0,-25.12
2007-09-30,0.4200000000000008,-2.0700000000000003,-314187.5,1321.0,-22.182105263157894
2007-10-31,0.22999999999999954,-1.9500000000000002,-317250.0,1261.0,-18.859565217391303
2007-11-30,0.33999999999999986,-2.25,-320812.5,1192.0,-26.657142857142855
2007-12-31,0.14000000000000057,-2.5500000000000007,-331875.0,1224.0,-23.0965
2008-01-31,0.19999999999999973,-2.8,-343850.0,1149.0,-27.98952380952381
2008-02-29,-0.7600000000000002,-3.08,-343625.0,1094.0,-27.1565
2008-03-31,-0.8999999999999999,-3.38,-345375.0,1014.0,-29.008999999999997
2008-04-30,-1.4000000000000004,-3.2899999999999996,-354300.0,967.0,-22.526818181818182
2008-05-31,-1.9,-3.05,-365312.5,1008.0,-18.61
2008-06-30,-2.0999999999999996,-2.9700000000000006,-365900.0,995.0,-23.19142857142857
2008-07-31,-2.0,-3.1500000000000004,-375437.5,1180.0,-25.66227272727273
2008-08-31,-1.8900000000000001,-3.2600000000000002,-387062.5,921.0,-22.25952380952381
2008-09-30,-1.88,-3.6199999999999997,-427950.0,858.0,-33.21142857142858
2008-10-31,-2.84,-5.07,-447000.0,797.0,-65.44652173913043
2008-11-30,-3.1399999999999997,-5.6800000000000015,-475687.5,736.0,-65.42684210526316
2008-12-31,-2.26,-6.01,-503300.0,626.0,-55.07545454545455
2009-01-31,-2.37,-5.620000000000001,-554500.0,554.0,-44.2915
2009-02-28,-2.65,-5.21,-556450.0,545.0,-45.38947368421052
2009-03-31,-2.6399999999999997,-5.6,-628500.0,558.0,-46.09045454545455
2009-04-30,-2.7800000000000002,-5.460000000000001,-654875.0,513.0,-38.89857142857143
2009-05-31,-3.11,-4.7700000000000005,-642187.5,521.0,-32.11
2009-06-30,-3.5100000000000002,-3.78,-616200.0,556.0,-27.935454545454547
2009-07-31,-3.4,-3.53,-602000.0,601.0,-25.924545454545456
2009-08-31,-3.4299999999999997,-2.99,-576875.0,595.0,-24.306190476190476
2009-09-30,-3.25,-2.9099999999999997,-561850.0,616.0,-23.857619047619046
2009-10-31,-3.27,-2.9,-553625.0,609.0,-23.250454545454545
2009-11-30,-3.28,-2.9200000000000004,-531350.0,583.0,-22.546
2009-12-31,-3.4699999999999998,-2.7800000000000002,-510312.5,623.0,-19.845454545454547
2010-01-31,-3.62,-2.52,-487750.0,664.0,-19.527368421052632
2010-02-28,-3.56,-2.65,-475950.0,636.0,-21.771052631578947
2010-03-31,-3.57,-2.5399999999999996,-484750.0,650.0,-16.92521739130435
2010-04-30,-3.65,-2.4,-479875.0,687.0,-16.136666666666667
2010-05-31,-3.2199999999999998,-2.63,-471187.5,637.0,-30.033499999999997
2010-06-30,-3.02,-3.0300000000000002,-458900.0,575.0,-28.94090909090909
2010-07-31,-2.8299999999999996,-3.0,-461187.5,587.0,-25.01666666666667
2010-08-31,-2.5100000000000002,-2.96,-456350.0,579.0,-24.155909090909088
2010-09-30,-2.46,-3.0100000000000002,-475312.5,580.0,-21.32238095238095
2010-10-31,-2.35,-3.1799999999999997,-458250.0,563.0,-19.86095238095238
2010-11-30,-2.57,-3.16,-450400.0,558.0,-19.395238095238096
2010-12-31,-3.11,-2.8099999999999996,-434062.5,560.0,-16.586818181818185
2011-01-31,-3.22,-2.6999999999999997,-423812.5,632.0,-15.722999999999999
2011-02-28,-3.42,-2.5700000000000003,-422400.0,576.0,-15.72
2011-03-31,-3.27,-2.62,-414312.5,542.0,-19.893478260869564
2011-04-30,-3.36,-2.5599999999999996,-403062.5,583.0,-15.207999999999998
2011-05-31,-3.08,-2.6100000000000003,-408850.0,581.0,-16.293809523809525
2011-06-30,-2.91,-2.75,-431000.0,618.0,-18.918636363636363
2011-07-31,-2.93,-2.76,-418625.0,636.0,-18.7405
2011-08-31,-2.1999999999999997,-3.0600000000000005,-415000.0,621.0,-35.068695652173915
2011-09-30,-1.9,-3.2899999999999996,-409125.0,647.0,-36.64380952380952
2011-10-31,-2.08,-3.22,-416187.5,610.0,-32.00857142857143
2011-11-30,-1.9299999999999997,-3.13,-407050.0,671.0,-31.41238095238095
2011-12-31,-1.91,-3.27,-392625.0,706.0,-25.03952380952381
2012-01-31,-1.89,-3.2600000000000007,-380800.0,697.0,-18.941499999999998
2012-02-29,-1.8699999999999999,-3.17,-384937.5,712.0,-16.691
2012-03-31,-2.04,-3.0600000000000005,-367687.5,738.0,-14.962727272727273
2012-04-30,-1.9099999999999997,-3.1400000000000006,-366900.0,806.0,-17.177
2012-05-31,-1.6400000000000001,-3.2700000000000005,-375312.5,732.0,-20.547272727272727
2012-06-30,-1.4600000000000002,-3.3999999999999995,-374562.5,796.0,-20.75047619047619
2012-07-31,-1.37,-3.34,-378900.0,794.0,-16.954761904761906
2012-08-31,-1.5499999999999998,-3.2300000000000004,-373625.0,849.0,-14.96913043478261
2012-09-30,-1.58,-3.12,-372625.0,840.0,-14.314210526315788
2012-10-31,-1.59,-2.83,-380700.0,930.0,-15.46904761904762
2012-11-30,-1.49,-2.86,-371500.0,887.0,-17.155714285714286
2012-12-31,-1.56,-2.91,-389000.0,917.0,-17.351
2013-01-31,-1.77,-2.8200000000000003,-371800.0,941.0,-13.121904761904762
2013-02-28,-1.83,-2.8699999999999997,-359625.0,940.0,-13.512105263157896
2013-03-31,-1.8199999999999998,-2.8899999999999997,-354437.5,980.0,-12.391499999999999
2013-04-30,-1.61,-2.83,-347450.0,936.0,-13.251363636363635
2013-05-31,-1.8199999999999998,-2.8000000000000007,-356562.5,1012.0,-12.914090909090909
2013-06-30,-2.21,-2.8900000000000006,-343375.0,1003.0,-17.156
2013-07-31,-2.49,-2.74,-346500.0,942.0,-13.626818181818182
2013-08-31,-2.66,-2.6799999999999997,-346687.5,997.0,-13.863636363636363
2013-09-30,-2.73,-2.6599999999999997,-336850.0,964.0,-14.2915
2013-10-31,-2.5300000000000002,-2.6899999999999995,-318937.5,1004.0,-14.32304347826087
2013-11-30,-2.64,-2.6599999999999997,-345812.5,1044.0,-11.9565
2013-12-31,-2.81,-2.48,-338800.0,1029.0,-12.995238095238093
2014-01-31,-2.79,-2.3300000000000005,-337937.5,1005.0,-13.057142857142857
2014-02-28,-2.64,-2.3899999999999997,-329000.0,976.0,-14.179473684210528
2014-03-31,-2.64,-2.3399999999999994,-333250.0,1039.0,-13.592380952380953
2014-04-30,-2.62,-2.1900000000000004,-325350.0,1067.0,-13.485238095238095
2014-05-31,-2.47,-2.1999999999999997,-319000.0,1090.0,-11.761428571428572
2014-06-30,-2.5,-2.1999999999999997,-320150.0,1018.0,-10.29857142857143
2014-07-31,-2.45,-2.1900000000000004,-313625.0,1010.0,-10.638636363636364
2014-08-31,-2.33,-2.2700000000000005,-305687.5,1076.0,-12.414761904761903
2014-09-30,-2.44,-2.27,-301650.0,1047.0,-11.911904761904761
2014-10-31,-2.21,-2.3900000000000006,-299000.0,1077.0,-16.911304347826086
2014-11-30,-2.24,-2.46,-289625.0,1094.0,-12.243684210526316
2014-12-31,-2.09,-2.5300000000000002,-289700.0,1059.0,-14.906818181818181
2015-01-31,-1.7699999999999998,-2.5700000000000003,-289437.5,1072.0,-17.9875
2015-02-28,-1.8699999999999999,-2.53,-289100.0,1049.0,-15.321052631578949
2015-03-31,-1.93,-2.5,-289812.5,1127.0,-15.016818181818183
2015-04-30,-1.8199999999999998,-2.5400000000000005,-295312.5,1072.0,-13.758571428571429
2015-05-31,-2.08,-2.6899999999999995,-284125.0,1166.0,-13.632499999999999
2015-06-30,-2.23,-2.77,-275600.0,1272.0,-14.83090909090909
2015-07-31,-2.19,-2.8800000000000003,-275187.5,1379.0,-14.55090909090909
2015-08-31,-2.03,-3.0200000000000005,-278875.0,1140.0,-19.58809523809524
2015-09-30,-2.03,-3.17,-273100.0,1165.0,-24.604285714285716
2015-10-31,-1.9499999999999997,-3.27,-272375.0,1144.0,-16.977272727272727
2015-11-30,-2.1399999999999997,-3.2,-267050.0,1160.0,-16.008000000000003
2015-12-31,-2.0,-3.2199999999999998,-270250.0,1244.0,-18.304545454545455
2016-01-31,-1.7499999999999998,-3.3600000000000003,-269312.5,1211.0,-24.33105263157895
2016-02-29,-1.4,-3.5599999999999996,-276700.0,1171.0,-24.109
2016-03-31,-1.5299999999999998,-3.24,-270812.5,1172.0,-16.398636363636363
2016-04-30,-1.44,-2.98,-263562.5,1118.0,-14.347142857142858
2016-05-31,-1.44,-2.8699999999999997,-265750.0,1160.0,-14.791904761904762
2016-06-30,-1.2599999999999998,-2.8900000000000006,-274937.5,1205.0,-16.635
2016-07-31,-1.1099999999999999,-2.7199999999999998,-266562.5,1208.0,-12.307500000000001
2016-08-31,-1.1600000000000001,-2.68,-259150.0,1198.0,-11.22391304347826
2016-09-30,-1.23,-2.6799999999999997,-264187.5,1201.0,-13.593333333333332
2016-10-31,-1.3599999999999999,-2.62,-256625.0,1303.0,-14.816190476190476
2016-11-30,-1.7300000000000002,-2.57,-251950.0,1254.0,-15.33952380952381
2016-12-31,-1.9500000000000002,-2.34,-250812.5,1230.0,-11.956190476190475
2017-01-31,-1.7800000000000002,-2.23,-251350.0,1248.0,-10.7905
2017-02-28,-1.7599999999999998,-2.2199999999999998,-246687.5,1303.0,-10.510526315789473
2017-03-31,-1.69,-2.1999999999999997,-236062.5,1234.0,-10.640869565217391
2017-04-30,-1.4,-2.2700000000000005,-231500.0,1272.0,-11.573157894736841
2017-05-31,-1.3899999999999997,-2.25,-227950.0,1251.0,-9.971363636363636
2017-06-30,-1.15,-2.18,-235125.0,1208.0,-9.423181818181819
2017-07-31,-1.17,-2.07,-246812.5,1353.0,-8.8765
2017-08-31,-1.05,-2.0999999999999996,-251100.0,1256.0,-10.177391304347825
2017-09-30,-1.0500000000000003,-2.0999999999999996,-247875.0,1319.0,-8.6015
2017-10-31,-1.21,-1.9600000000000004,-267750.0,1273.0,-8.02
2017-11-30,-1.1900000000000002,-1.9199999999999995,-250312.5,1356.0,-9.127142857142857
2017-12-31,-1.0999999999999999,-1.8199999999999998,-245562.5,1299.0,-8.8275
2018-01-31,-1.1700000000000002,-1.6799999999999997,-241850.0,1311.0,-10.367619047619048
2018-02-28,-1.44,-1.65,-242375.0,1317.0,-20.13315789473684
2018-03-31,-1.3299999999999998,-1.7999999999999998,-225062.5,1321.0,-18.049047619047617
2018-04-30,-1.1800000000000002,-1.7999999999999998,-223200.0,1385.0,-18.777142857142856
2018-05-31,-1.28,-1.85,-226875.0,1378.0,-13.694545454545455
2018-06-30,-1.09,-1.92,-216812.5,1338.0,-12.694761904761904
2018-07-31,-0.9800000000000002,-1.9,-222700.0,1345.0,-11.917619047619048
2018-08-31,-0.9800000000000002,-1.8799999999999994,-215750.0,1334.0,-10.972608695652173
2018-09-30,-1.05,-1.88,-208062.5,1273.0,-11.564736842105264
2018-10-31,-0.96,-1.9200000000000004,-205550.0,1314.0,-19.855217391304347
2018-11-30,-0.9199999999999999,-2.0999999999999996,-210250.0,1272.0,-20.950476190476188
2018-12-31,-0.56,-2.3,-219500.0,1340.0,-27.115789473684213
2019-01-31,-0.31000000000000005,-2.41,-224350.0,1317.0,-20.525238095238095
2019-02-28,-0.28000000000000025,-2.27,-225187.5,1254.0,-15.28736842105263
2019-03-31,-0.1599999999999997,-2.27,-224812.5,1286.0,-14.717619047619047
2019-04-30,-0.10999999999999988,-2.1700000000000004,-215300.0,1295.0,-12.570000000000002
2019-05-31,-0.009999999999999787,-2.23,-205250.0,1322.0,-17.937272727272727
2019-06-30,0.31000000000000005,-2.39,-218812.5,1347.0,-16.889000000000003
2019-07-31,0.33999999999999986,-2.22,-222450.0,1299.0,-13.022272727272728
2019-08-31,0.5,-2.24,-216625.0,1379.0,-20.66590909090909
2019-09-30,0.3400000000000001,-2.21,-208750.0,1482.0,-16.092
2019-10-31,0.1200000000000001,-2.21,-209875.0,1469.0,-16.411739130434785
2019-11-30,-0.26,-2.13,-211750.0,1523.0,-12.7645
2019-12-31,-0.31000000000000005,-2.0199999999999996,-220200.0,1535.0,-13.598571428571429
2020-01-31,-0.20999999999999996,-2.01,-234437.5,1443.0,-14.055714285714286
2020-02-29,0.08000000000000007,-2.11,-222250.0,1495.0,-20.178421052631577
2020-03-31,-0.21999999999999997,-3.42,-209650.0,1455.0,-63.317727272727275
2020-04-30,-0.61,-3.4699999999999998,-919687.5,1346.0,-43.60476190476191
2020-05-31,-0.62,-3.2800000000000002,-4683875.0,1076.0,-31.077999999999996
2020-06-30,-0.65,-2.91,-2807100.0,1250.0,-29.99681818181818
2020-07-31,-0.53,-2.69,-1627125.0,1334.0,-24.80090909090909
2020-08-31,-0.55,-2.62,-1427937.5,1546.0,-20.33761904761905
2020-09-30,-0.5900000000000001,-2.6799999999999997,-1058000.0,1533.0,-28.017142857142858
2020-10-31,-0.7000000000000001,-2.65,-874125.0,1636.0,-30.814999999999998
2020-11-30,-0.78,-2.4299999999999997,-809850.0,1613.0,-25.357
2020-12-31,-0.8400000000000001,-2.23,-760000.0,1703.0,-21.704090909090908
