Date,Forecast Regime,Benchmark Return,Dynamic Return,Risk Free,Benchmark Turnover,Dynamic Turnover,Growth Forecast,Inflation Forecast,Benchmark Stocks,Benchmark Bonds,Benchmark Commodities,Dynamic Stocks,Dynamic Bonds,Dynamic Commodities
2006-01-31,HU,0.010814540352639207,0.012155438584661882,0.003533333333333333,0.0,0.0,1.9451343354927881,2.95636987518413,0.3333333333333333,0.3333333333333333,0.3333333333333333,0.384444619877557,0.29457916889823815,0.3209762112241756
2006-02-28,HU,-0.0016387013408887246,-0.0011533349861712892,0.0036916666666666664,0.005195521672581804,0.004522693193075744,1.8725564740817304,2.9468550154269164,0.3333333333333333,0.3333333333333333,0.3333333333333333,0.39134997062498983,0.293522072219782,0.3151279571551962
2006-03-31,HU,0.0018897533406839798,0.003200717741791223,0.0037583333333333336,0.0045332175320138,0.003965927052142937,2.2296813880920485,3.0472658859080717,0.3333333333333333,0.3333333333333333,0.3333333333333333,0.3928891685749062,0.2989960720690475,0.3081147593560099
2006-04-30,HU,0.009955005905854478,0.011201202065971926,0.003833333333333333,0.004820283698622252,0.025300097915228192,2.2990133171775553,2.9800171950533545,0.3333333333333333,0.3333333333333333,0.3333333333333333,0.3835458348244696,0.28326306252997546,0.33319110264552876
2006-05-31,HU,0.002913742619061669,0.0030191392244726923,0.003933333333333333,0.004597291870428566,0.0038642910016947474,2.171869852926857,2.921050204613386,0.3333333333333333,0.3333333333333333,0.3333333333333333,0.38504909810107074,0.27732027421005745,0.33763062768884633
2006-06-30,SF,-0.013639606947820593,-0.00869977120293193,0.003991666666666667,0.0020659464576674724,0.16135517562900395,2.0006939627538003,2.9381645075485276,0.3333333333333333,0.3333333333333333,0.3333333333333333,0.22269315087423233,0.3999474563761913,0.3773593927495649
2006-07-31,SF,0.011559251287440224,0.01085043906235815,0.004125,0.01008331645750285,0.015106438606065198,1.5458667727686726,3.056254149311663,0.3333333333333333,0.3333333333333333,0.3333333333333333,0.2199957703677817,0.3886530855627863,0.3913511440694232
2006-08-31,SF,0.016011624197361123,0.0149230618089367,0.0041333333333333335,0.0024203303169346435,0.0024380466024963715,1.6738018879776226,3.1341300527424387,0.3333333333333333,0.3333333333333333,0.3333333333333333,0.22234604816159118,0.39131002709497203,0.3863439247434269
2006-09-30,SF,0.0023102192422223733,0.0010909716739870385,0.004008333333333333,0.0030894987657177075,0.0028995574065990293,1.5161697543498212,3.1166343642089904,0.3333333333333333,0.3333333333333333,0.3333333333333333,0.22529975822733972,0.39442616660035545,0.3802740751722938
2006-10-31,SF,0.006968011827832935,0.0035749706358730224,0.0041,0.005720130114844624,0.0053545489830675586,1.5445278669714055,2.998360792916256,0.3333333333333333,0.3333333333333333,0.3333333333333333,0.2290266258491535,0.40212430427798496,0.36884906987284766
2006-11-30,SG,0.01772612816992474,0.017116972145025673,0.004116666666666667,0.008710984858711773,0.36041841008697134,1.466497575322819,2.781099726506166,0.3333333333333333,0.3333333333333333,0.3333333333333333,0.2936740412833916,0.7063199424524768,6.016264131616286e-06
2006-12-31,SG,0.0075983508566346315,0.0012168937826746399,0.0040416666666666665,0.0021258821341245127,0.0016732162648153163,1.4856225925365085,2.5822423792927385,0.3333333333333333,0.3333333333333333,0.3333333333333333,0.29405077866109297,0.7059423219576487,6.899381258407659e-06
2007-01-31,SG,-0.00146985067548048,0.0017120242693274255,0.00415,0.005988937277348699,0.00013306419187827495,1.3288612308500758,2.61122266685197,0.3333333333333333,0.3333333333333333,0.3333333333333333,0.30110873445795033,0.6988821188883093,9.146653740041407e-06
2007-02-28,SG,0.02038904858595487,0.021360511921370087,0.004191666666666667,0.0027346812642073115,0.0020722672684875187,1.481046394422884,2.667991552380185,0.3333333333333333,0.3333333333333333,0.3333333333333333,0.3041464052334928,0.6958444708196703,9.123946836957761e-06
2007-03-31,SG,-0.004820184251621068,-0.01090188790728348,0.004116666666666667,0.0011140803647534947,0.0011132727302763348,1.5017411833566516,2.5177256083435946,0.3333333333333333,0.3333333333333333,0.3333333333333333,0.30598447540194956,0.6940049603908416,1.05642072090575e-05
2007-04-30,SG,0.02228891288445655,0.019452218177847848,0.004058333333333333,0.006634711814719058,0.0021311263761634724,1.2664236368909567,2.644597533863606,0.3333333333333333,0.3333333333333333,0.3333333333333333,0.3038772851402278,0.6961032706289337,1.944423083849578e-05
2007-05-31,SG,0.010010748842114102,0.002142512504121118,0.003941666666666667,0.008078287612459073,0.0013267415649897308,1.3677832864629864,2.6396142649898064,0.3333333333333333,0.3333333333333333,0.3333333333333333,0.3107810189948707,0.6891956228361109,2.3358169018297875e-05
2007-06-30,SG,0.0017913292916051917,-0.0010162561081148956,0.003841666666666667,0.006570986235005932,0.005885417568982498,1.2171389451623893,2.655855692195189,0.3333333333333333,0.3333333333333333,0.3333333333333333,0.3132000826511597,0.6867994461318712,4.7121649667765563e-07
2007-07-31,SG,0.0064968375720964025,0.004845687091838345,0.004016666666666667,0.002195388396528386,5.579768808906698e-06,1.3098367716620514,2.6328596386580516,0.3333333333333333,0.3333333333333333,0.3333333333333333,0.31581135508583974,0.6841879887640013,6.561501588923866e-07
2007-08-31,SF,-0.020118073438108317,-0.015469639931015487,0.0035,0.0012053305083029875,0.4015705858669449,1.038536482051125,2.654323992969002,0.3333333333333333,0.3333333333333333,0.3333333333333333,0.2347292234396167,0.3636995328231966,0.40157124373717934
2007-09-30,SG,0.015580920546833518,0.014651848433207297,0.003241666666666667,0.01179156335770179,0.401590647871474,0.4211909248615749,2.5776413068744484,0.3333333333333333,0.3333333333333333,0.3333333333333333,0.31031206826694796,0.6896869908462988,9.408867533621551e-07
2007-10-31,SG,0.019262034508988096,0.02005446727175071,0.00325,0.006293565369322546,0.0011240134341549734,0.37969360245224404,2.5077939206380053,0.3333333333333333,0.3333333333333333,0.3333333333333333,0.3153364665626057,0.6846624588607577,1.0745766364486283e-06
2007-11-30,SG,-0.003086152258393607,-0.007686472434247788,0.002725,0.006782957057905825,0.0012581223104742342,0.4663909543472459,2.624461659744052,0.3333333333333333,0.3333333333333333,0.3333333333333333,0.3202451303190084,0.6797537709450178,1.0987359739456025e-06
2007-12-31,SF,0.001969891497240806,0.0009105704448757391,0.0025,0.013233547591875894,0.3998972375984957,-0.15008151167654585,2.7988812576766913,0.3333333333333333,0.3333333333333333,0.3333333333333333,0.23096461522991904,0.36913701267143006,0.3998983720986434
2008-01-31,SF,-0.013207977505696243,-0.005444333875018099,0.0022916666666666667,0.002239124685779359,0.0007125695881813471,-0.4423484124509842,2.856637485157789,0.3333333333333333,0.3333333333333333,0.3333333333333333,0.23347474564492957,0.3684379647290204,0.39808728962604206
2008-02-29,SF,-0.001565761718436211,0.0007668675618257223,0.0017666666666666666,0.01745402201572091,0.003606645361417332,-1.0262558841251224,2.8624173463179625,0.3333333333333333,0.3333333333333333,0.3333333333333333,0.22312906554589945,0.37190065379876686,0.40497028065532675
2008-03-31,SF,-0.00470057519402048,0.00027153984245590257,0.00105,0.0044214114278341154,0.002103835630611575,-1.4583028040369053,2.84180707668088,0.3333333333333333,0.3333333333333333,0.3333333333333333,0.220904198359786,0.369779281424271,0.40931652021593645
2008-04-30,SF,0.022453632098971953,0.018710769402262628,0.001075,0.011106384626223542,0.005657954080423369,-1.9532301017126665,2.8229315565067354,0.3333333333333333,0.3333333333333333,0.3333333333333333,0.21622131815240542,0.35911445832376515,0.42466422352382466
2008-05-31,SF,0.015994519170648733,0.015507802139852544,0.0014416666666666666,0.0075691521699865205,0.0012111269261620705,-1.8609466427700265,2.86440659759209,0.3333333333333333,0.3333333333333333,0.3333333333333333,0.22226765075513602,0.353325255315429,0.4244070939294256
2008-06-30,HU,-0.009766579811679395,-0.012377505125788273,0.0015500000000000002,0.008234055348223551,0.1648656734647897,-1.5932598390070702,2.9375663577369275,0.3333333333333333,0.3333333333333333,0.3333333333333333,0.38969850670171846,0.288527731242897,0.3217737620553542
2008-07-31,HU,-0.01557438563568853,-0.017994975313850588,0.0013583333333333331,0.011961929539889171,0.02422627924939827,-1.6849278981759117,3.066259496547094,0.3333333333333333,0.3333333333333333,0.3333333333333333,0.3862161057554912,0.26679706646218393,0.3469868277822989
2008-08-31,HU,-0.010873688815154972,-0.012790584577180365,0.0014333333333333333,0.016074858429176775,0.011769555957698324,-1.7735714807425953,3.172806385113161,0.3333333333333333,0.3333333333333333,0.3333333333333333,0.3761425956788756,0.2575764840620299,0.3662809202590693
2008-09-30,SF,-0.046048818225542305,-0.040851352137613074,0.0009416666666666666,0.006994887395888827,0.17659466468653387,-2.2014300496905914,3.343141403287717,0.3333333333333333,0.3333333333333333,0.3333333333333333,0.20136905488203585,0.3423229755667134,0.45630796955124603
2008-10-31,SF,-0.11733497313836472,-0.09429429596483559,0.0005583333333333333,0.012403169429984262,0.0027596861492315827,-3.3365608277457954,3.3184400114858152,0.3333333333333333,0.3333333333333333,0.3333333333333333,0.199659024904056,0.32795518209604124,0.4723857929998991
2008-11-30,SF,-0.03696091469627817,-0.027820713304878855,0.00015833333333333332,0.04060872148020228,0.013042653233635237,-6.409775372824106,3.1568523662847063,0.3333333333333333,0.3333333333333333,0.3333333333333333,0.16662355610210777,0.34841456770132334,0.48496187619656567
2008-12-31,SG,0.007113128975452613,0.040579644876083884,2.4999999999999998e-05,0.02621634593519448,0.4731473070451776,-7.437995728676894,2.692872899569675,0.3333333333333333,0.3333333333333333,0.3333333333333333,0.26540105067948455,0.7345976250618709,1.324258644677749e-06
2009-01-31,SG,-0.0006126432182225922,0.0006414059125342276,0.00010833333333333333,0.016028495225861666,0.007336952335698823,-7.433743868053086,2.1101223401066065,0.3333333333333333,0.3333333333333333,0.3333333333333333,0.26217636739426636,0.7378229383099687,6.942957649708651e-07
2009-02-28,GL,-0.03481333094868374,-0.04528102345464461,0.00025,0.002104569049935695,0.426358522324441,-6.907840994620363,1.611358259847883,0.3333333333333333,0.3333333333333333,0.3333333333333333,0.49168547427864345,0.3134462168127824,0.19486830890811963
2009-03-31,GL,-0.02410190907357818,-0.03188267574714396,0.000175,0.014833476299015186,0.02070640499540162,-6.523830968489616,1.4000703652318434,0.3333333333333333,0.3333333333333333,0.3333333333333333,0.4730767453915171,0.3439047234600947,0.1830185311483882
2009-04-30,SG,0.054488699651184344,0.05519937510506971,0.00013333333333333334,0.01333628424017988,0.39133889501401975,-7.306351306419827,1.098741785756701,0.3333333333333333,0.3333333333333333,0.3333333333333333,0.25416007616266373,0.7458335452808087,6.3785565273254645e-06
2009-05-31,SG,0.047847527589932826,0.05587036336702544,0.00015,0.02281846797742293,0.003740824563969442,-6.973074070858013,0.767962176970133,0.3333333333333333,0.3333333333333333,0.3333333333333333,0.2676383824121876,0.7323589313293186,2.6862584937903555e-06
2009-06-30,GL,0.02595721985456359,0.02763247185614487,0.00015,0.013455047292449007,0.35720651041608464,-5.9107121313582915,0.37016698835762885,0.3333333333333333,0.3333333333333333,0.3333333333333333,0.4809068060889249,0.3664649635588353,0.15262823035223988
2009-07-31,GL,0.011765246067975724,0.015398348568652229,0.00015,0.0021561577275673594,0.013202036294804154,-4.6816631728845195,0.03293592412253155,0.3333333333333333,0.3333333333333333,0.3333333333333333,0.4679682448637222,0.3687051503707498,0.16332660476552804
2009-08-31,GL,0.04315680109262184,0.053921980288905574,0.00014166666666666668,0.009129904003137984,0.005735020739420726,-4.196024980388484,-0.19984831502141126,0.3333333333333333,0.3333333333333333,0.3333333333333333,0.46555201811194596,0.3808114478132095,0.15363653407484446
2009-09-30,GL,0.01780889679139647,0.02498125233294364,9.999999999999999e-05,0.01603897905885507,0.011376239129147175,-3.518557151659012,-0.5584682634110966,0.3333333333333333,0.3333333333333333,0.3333333333333333,0.471592570208737,0.37833742059788056,0.15007000919338226
2009-10-31,GL,0.012426101162005931,0.015009560779866662,5.833333333333334e-05,0.007516720151365758,0.01301054612143454,-3.272863539804264,-0.6430787970332137,0.3333333333333333,0.3333333333333333,0.3333333333333333,0.48460159064280406,0.382749490747097,0.13264891861009906
2009-11-30,GL,0.013688907525051476,0.0140840217818653,4.1666666666666665e-05,0.0034131604801646565,0.025352212827635563,-3.1816863181086252,-0.653943146032962,0.3333333333333333,0.3333333333333333,0.3333333333333333,0.4926346020379269,0.40120454212803264,0.10616085583404038
2009-12-31,HU,0.0019554959409209625,0.0031898196177430416,4.1666666666666665e-05,0.00037218186995985336,0.24259135196742113,-3.0384097263412695,-0.30706294759670816,0.3333333333333333,0.3333333333333333,0.3333333333333333,0.37980709189998463,0.2716005506609966,0.3485923574389917
2010-01-31,HU,0.01786629431510474,0.017511028257365502,4.9999999999999996e-05,0.003985966304784566,0.0033112204862706385,-2.6403758745010006,0.13709256928147942,0.3333333333333333,0.3333333333333333,0.3333333333333333,0.38124336747019083,0.26659033401985,0.3521662985099304
2010-02-28,HU,-0.014381781527304264,-0.016969013313871413,9.166666666666667e-05,0.0018629231048773176,0.014858300910003341,-2.241863800198049,0.5494253481339303,0.3333333333333333,0.3333333333333333,0.3333333333333333,0.3889421861431204,0.2724258585007682,0.3386319553560821
2010-03-31,HU,0.024357683664260703,0.027069578441914113,0.000125,0.00932254565155699,0.003591722071174336,-2.3799712592741797,0.6161194019701512,0.3333333333333333,0.3333333333333333,0.3333333333333333,0.3826511391580932,0.27571848027752643,0.34163038056435224
2010-04-30,HU,0.01940328996380888,0.02029157262576534,0.00013333333333333334,0.01058939665328787,0.0038648020887416257,-2.1274721537235943,0.7158181244987836,0.3333333333333333,0.3333333333333333,0.3333333333333333,0.3899000142332027,0.2702028695667566,0.3398971162000101
2010-05-31,HU,-0.027688084973543636,-0.03207026850943761,0.00013333333333333334,0.004978265438522866,0.0028819898434133406,-1.9191152201323973,0.9056899495623025,0.3333333333333333,0.3333333333333333,0.3333333333333333,0.3932075096222978,0.268774075873309,0.3380184145043578
2010-06-30,SF,-0.006530489967261588,0.0004064670438035663,9.999999999999999e-05,0.01776932541279,0.20074772049693393,-2.6252099134180327,1.0899689502444114,0.3333333333333333,0.3333333333333333,0.3333333333333333,0.17318399267591023,0.4331972861123385,0.3936187212117432
2010-07-31,SF,0.009369430500005603,0.011080931182332226,0.00013333333333333334,0.009094941979140514,0.004330032596042505,-2.8388795779317353,1.1345923333770558,0.3333333333333333,0.3333333333333333,0.3333333333333333,0.16304782290408923,0.4437758001961591,0.393176376899743
2010-08-31,SF,0.014872043403260987,0.01466738971700476,0.00013333333333333334,0.0036646310974458862,0.012071536744463957,-2.6129153486433654,1.0464971103155527,0.3333333333333333,0.3333333333333333,0.3333333333333333,0.16788318738793692,0.4540494840416936,0.37806732857035813
2010-09-30,HU,0.012693319725219922,0.014136059828860872,0.000125,0.0034574404560569483,0.22251488596207258,-2.4693189533800743,1.161301169344652,0.3333333333333333,0.3333333333333333,0.3333333333333333,0.39101271084852796,0.2633283722228531,0.34565891692857875
2010-10-31,HU,0.019492942817933494,0.022190380598688986,0.00010833333333333333,0.006413225974530007,0.006804815780038387,-2.4949830276166063,1.184659640416078,0.3333333333333333,0.3333333333333333,0.3333333333333333,0.391163884999489,0.26275259527851647,0.3460835197219533
2010-11-30,HU,0.004679237705917783,0.00624567336585336,0.00011666666666666668,0.0090533581674839,0.014497533890227204,-2.44350253672302,1.298263007148145,0.3333333333333333,0.3333333333333333,0.3333333333333333,0.39643479284348404,0.272086496430106,0.3314787107263733
2010-12-31,HU,0.010653003575690717,0.013311770231863852,0.00011666666666666668,0.004390198194436451,0.00428971979896145,-2.3853196592236463,1.280382381667821,0.3333333333333333,0.3333333333333333,0.3333333333333333,0.39820451611112984,0.2661425849808436,0.3356528989079864
2011-01-31,HU,0.0169432313545419,0.01910508933926503,0.000125,0.006640529762905606,0.00600147645108115,-1.9616865639370287,1.3534368746146015,0.3333333333333333,0.3333333333333333,0.3333333333333333,0.4014293979306095,0.2577961647714136,0.34077443729793
2011-02-28,HU,0.01891161825768489,0.020865228263603083,0.00010833333333333333,0.005147238883726202,0.004308968758677562,-1.702827100589112,1.444432001387878,0.3333333333333333,0.3333333333333333,0.3333333333333333,0.40349230510765505,0.2525246344955311,0.3439830603967615
2011-03-31,HU,0.0021262580058087053,0.0014977177404021883,8.333333333333333e-05,0.004793242027839789,0.003065878795928678,-1.6845489571150507,1.6329683106957087,0.3333333333333333,0.3333333333333333,0.3333333333333333,0.4054452763469779,0.2493368624520004,0.3452178612009654
2011-04-30,HU,0.020119281441095236,0.020637011478958658,4.9999999999999996e-05,0.005068689261640835,0.0034011989760174693,-1.8551436041149878,1.8462841250301156,0.3333333333333333,0.3333333333333333,0.3333333333333333,0.402069867319618,0.24563088045529655,0.35229925222502506
2011-05-31,HU,0.004106017985513837,0.0024438444911807143,3.3333333333333335e-05,0.001201928102439409,0.0026300599059795454,-1.4995304548423753,1.9954386516904121,0.3333333333333333,0.3333333333333333,0.3333333333333333,0.40220784426521206,0.24322828066815963,0.35456387506656145
2011-06-30,HU,-0.015161600883719494,-0.016857642680480473,3.3333333333333335e-05,0.0036609305758611987,0.0022962819992398548,-1.5773137337770065,2.1161123200346097,0.3333333333333333,0.3333333333333333,0.3333333333333333,0.3994676923022742,0.2473875970482865,0.35314471064937775
2011-07-31,SF,0.01638645548110485,0.01552409521315227,3.3333333333333335e-05,0.0071126041538988605,0.2310715978709191,-1.8685375032585432,2.2374020721542642,0.3333333333333333,0.3333333333333333,0.3333333333333333,0.16054675420712491,0.4604604921398595,0.37899275365300417
2011-08-31,SF,-0.040164014696873696,-0.02071851563541149,1.6666666666666667e-05,0.004248187288712013,0.018292190316894788,-1.7641836530881925,2.3052191627485157,0.3333333333333333,0.3333333333333333,0.3333333333333333,0.1637152557643426,0.48009654696508686,0.35618819727055323
2011-09-30,SF,-0.010335071404017324,-0.004546215123206418,8.333333333333334e-06,0.025876747873569778,0.016166444640402136,-2.5519012809613826,2.347543394316673,0.3333333333333333,0.3333333333333333,0.3333333333333333,0.14691304433322044,0.5069237619292163,0.34616319373753945
2011-10-31,SF,0.008562995498165103,0.007742247639561399,1.6666666666666667e-05,0.007340369653892648,0.010124001596387613,-2.672325955027516,2.4389800060044844,0.3333333333333333,0.3333333333333333,0.3333333333333333,0.1529663288179469,0.5066313924645132,0.34040227871751527
2011-11-30,SF,-0.002312521558296658,-0.007162691430329543,8.333333333333334e-06,0.007048597535084217,0.013831686631903511,-2.532538086471305,2.4110712403492447,0.3333333333333333,0.3333333333333333,0.3333333333333333,0.1575020099428625,0.4977280062041477,0.3447699838529681
2011-12-31,HU,0.007287622140188254,0.0061213549689432085,8.333333333333334e-06,0.00546253573784658,0.24939896730097175,-2.281376102161765,2.4250189327004374,0.3333333333333333,0.3333333333333333,0.3333333333333333,0.4038051604946051,0.24256410300795092,0.3536307364973663
2012-01-31,HU,0.022928990585060403,0.024180571385336632,2.4999999999999998e-05,0.005040603127469262,0.00645257763617392,-1.973467011606726,2.3668377091933714,0.3333333333333333,0.3333333333333333,0.3333333333333333,0.40336307833205215,0.2521843825915471,0.3444525390763374
2012-02-29,GL,0.019541012562332108,0.02526648595973465,7.5e-05,0.006362039546538467,0.33783389279747783,-1.6312235284698815,2.291284743483788,0.3333333333333333,0.3333333333333333,0.3333333333333333,0.45148692532213247,0.5485118856965424,1.1889813253312734e-06
2012-03-31,GL,0.006181476796408915,0.0020349614751540386,6.666666666666667e-05,0.0085364202445114,0.005663553321910175,-1.4716644314544098,2.2253842325889215,0.3333333333333333,0.3333333333333333,0.3333333333333333,0.45479977777969915,0.5451989220790134,1.3001412875483156e-06
2012-04-30,GL,-0.001534095793137947,0.00012691113148337497,6.666666666666667e-05,0.004003260359617927,0.0026240251638173055,-1.1965982696435435,2.1569628243902743,0.3333333333333333,0.3333333333333333,0.3333333333333333,0.4564944686655909,0.5434972098101389,8.321524270298422e-06
2012-05-31,GL,-0.015062348661585482,-0.01590344262956889,7.5e-05,0.00477175885181938,0.002968748420293501,-1.2465277776072206,2.0662219453424666,0.3333333333333333,0.3333333333333333,0.3333333333333333,0.45259848523747254,0.5473972584689267,4.2562936008673845e-06
2012-06-30,SG,-0.008314694693569633,-0.00036963964228457,7.5e-05,0.009163737455899656,0.22194777816519956,-1.5784865682587055,1.944768263484004,0.3333333333333333,0.3333333333333333,0.3333333333333333,0.2185877970099516,0.7814112917827004,9.112073479872309e-07
2012-07-31,SG,0.019455958414506425,0.02823168280424329,8.333333333333333e-05,0.0044725480941515405,0.006336496332935857,-1.5763500154830827,1.747883443723232,0.3333333333333333,0.3333333333333333,0.3333333333333333,0.22073358748101393,0.779265914051048,4.984674838995159e-07
2012-08-31,SG,0.015899660275592968,0.010082285855717063,8.333333333333333e-05,0.005870600805854775,0.006998279530758076,-1.3836150218002292,1.6614863926955972,0.3333333333333333,0.3333333333333333,0.3333333333333333,0.22785252958336438,0.7721469466667357,5.237494263028608e-07
2012-09-30,GL,0.015862471117808426,0.01818146581265968,9.166666666666667e-05,0.004859616508856357,0.20946381851722204,-1.1467182007672516,1.5664151428900879,0.3333333333333333,0.3333333333333333,0.3333333333333333,0.44190494499663907,0.558029894702023,6.516030133780934e-05
2012-10-31,GL,0.0037238304755029153,0.007896615055435291,8.333333333333333e-05,0.005233606280124453,0.04200490817430112,-1.0429880618094636,1.622624816433834,0.3333333333333333,0.3333333333333333,0.3333333333333333,0.48982584414559827,0.5101728592220082,1.2966323934591838e-06
2012-11-30,GL,-0.009389829302307105,-0.009698199891122595,7.5e-05,0.0031337434507184847,0.00131905119002543,-0.828267573451157,1.6568963385300177,0.3333333333333333,0.3333333333333333,0.3333333333333333,0.4884551538753326,0.5115180411688697,2.6804955797795727e-05
2012-12-31,GL,0.009327920542211009,0.01424119072435902,5.833333333333334e-05,0.0032323942898211666,0.00040976680672175753,-0.8914730317686139,1.6198748123379112,0.3333333333333333,0.3333333333333333,0.3333333333333333,0.4834593734760497,0.5164936793822636,4.694714168673416e-05
2013-01-31,GL,0.01428879145388014,0.018302901904697057,5.833333333333334e-05,0.006716805065850789,0.003244583203096188,-1.0281338444342742,1.613001362513599,0.3333333333333333,0.3333333333333333,0.3333333333333333,0.48756749137238914,0.5123755845610224,5.692406658836133e-05
2013-02-28,GL,0.011081814606113198,0.012077785974062583,8.333333333333333e-05,0.010117933782318206,0.010274586088954821,-0.6749013269843025,1.5781323852243674,0.3333333333333333,0.3333333333333333,0.3333333333333333,0.4901669099077506,0.5098317008537835,1.3892384658099169e-06
2013-03-31,GL,0.005079678960651158,0.008244253947948954,7.5e-05,0.00204614324678673,0.0002000294508819339,-0.6581176655498011,1.545610633195238,0.3333333333333333,0.3333333333333333,0.3333333333333333,0.49288482608145284,0.5071081479052013,7.0260133457932105e-06
2013-04-30,GL,0.00671611596880354,0.011382560975780238,4.9999999999999996e-05,0.0036369722919768754,0.004004151410175353,-0.545586556237305,1.5222086709261866,0.3333333333333333,0.3333333333333333,0.3333333333333333,0.49269460367296436,0.5072864685115306,1.8927815505232252e-05
2013-05-31,GL,0.006146110362347946,0.007015556606802466,3.3333333333333335e-05,0.0034046059791111583,0.0018330775830506507,-0.5057385762233323,1.4578864149019515,0.3333333333333333,0.3333333333333333,0.3333333333333333,0.4880449422188217,0.511910939638341,4.4118142837280815e-05
2013-06-30,GL,-0.01721758037251907,-0.026346051811143443,4.1666666666666665e-05,0.010652067580694452,0.015421865447069945,-0.47781028582797147,1.4098851026721846,0.3333333333333333,0.3333333333333333,0.3333333333333333,0.48778430174354814,0.5121594277317993,5.627052465263412e-05
2013-07-31,SG,0.011506254543940971,0.011250572489025392,3.3333333333333335e-05,0.0061720993433297955,0.2879097967249649,-0.7062491447206763,1.4994391107868228,0.3333333333333333,0.3333333333333333,0.3333333333333333,0.20058860953495594,0.7994102377246995,1.1527403446013822e-06
2013-08-31,HU,0.001343807110545863,0.001677706935340305,3.3333333333333335e-05,0.0049872972420395845,0.5552047424150081,-0.5788800267133762,1.587743851861344,0.3333333333333333,0.3333333333333333,0.3333333333333333,0.4041532896230825,0.24115284738670315,0.3546938629901306
2013-09-30,HU,0.004401480421410383,0.00517940114031294,1.6666666666666667e-05,0.0012203892996165977,0.02000515010362068,-0.5105862591720364,1.642974134253031,0.3333333333333333,0.3333333333333333,0.3333333333333333,0.40924248218599524,0.22074379111469394,0.370013726699166
2013-10-31,HU,0.010294100138011728,0.010135530561126397,4.1666666666666665e-05,0.002912451487704415,0.002604452253403708,-0.4960550820656043,1.5764388591502265,0.3333333333333333,0.3333333333333333,0.3333333333333333,0.40989424148772974,0.22209630660121515,0.36800945191091533
2013-11-30,HU,0.005873732384200549,0.008136186322209814,5.833333333333334e-05,0.005661787319921341,0.006627786742552225,-0.32547441810284966,1.5755466660706032,0.3333333333333333,0.3333333333333333,0.3333333333333333,0.41219591970225783,0.22978609759529695,0.3580179827023324
2013-12-31,HU,0.0022833364765915496,0.002981217221378417,5.833333333333334e-05,0.006974138200356084,0.0059113957212049845,-0.3548757560152752,1.5716529853599892,0.3333333333333333,0.3333333333333333,0.3333333333333333,0.418607218439768,0.22263263337958566,0.3587601481805096
2014-01-31,HU,0.012041970672398428,0.01107693566346144,3.3333333333333335e-05,0.001356246612005313,0.0007557002612377239,-0.2599109160727752,1.609612167552168,0.3333333333333333,0.3333333333333333,0.3333333333333333,0.4198043438030379,0.22081681992939708,0.3593788362674215
2014-02-28,HU,0.004619509210066929,0.0031714015740621055,4.1666666666666665e-05,0.0019105020813755813,0.007330311347043789,-0.16659233921993954,1.6894419655250026,0.3333333333333333,0.3333333333333333,0.3333333333333333,0.41436016907573464,0.2296247136104464,0.35601511731370583
2014-03-31,HU,0.009938073569718018,0.011907527254215886,4.1666666666666665e-05,0.003668623455451603,0.01298453690618924,-0.207696713955361,1.7032755108121722,0.3333333333333333,0.3333333333333333,0.3333333333333333,0.41955481227378677,0.23523151660528296,0.34521367112083506
2014-04-30,HU,0.009117638007823947,0.008888317160834271,2.4999999999999998e-05,0.0042390993015919975,0.006703730001630187,-0.10292755704909291,1.6703339445830743,0.3333333333333333,0.3333333333333333,0.3333333333333333,0.42148727494322114,0.23933283063501493,0.33917989442167884
2014-05-31,HU,0.008922102680077131,0.008681453589353716,2.4999999999999998e-05,0.0009372692420381856,0.0034478099907826326,0.1023210361304045,1.7460919161949124,0.3333333333333333,0.3333333333333333,0.3333333333333333,0.42133096265374886,0.24343783985215614,0.3352311974940184
2014-06-30,HU,0.009084531412297142,0.011053306802266199,3.3333333333333335e-05,0.003423565634856157,0.005337560142283607,0.25851542327376154,1.8472700396434387,0.3333333333333333,0.3333333333333333,0.3333333333333333,0.42094752244201794,0.2503703760929103,0.32868210146500637
2014-07-31,HU,0.0015543036301522994,0.0023129060325829255,2.4999999999999998e-05,0.0049716288899412375,0.0035329906872321876,0.22740995530370076,1.9701314079644394,0.3333333333333333,0.3333333333333333,0.3333333333333333,0.42286099992169734,0.24934882961842653,0.3277901704598091
2014-08-31,HU,-0.0012170970194971317,-0.003593737550737676,2.4999999999999998e-05,0.001905641292098581,0.0021858023370050217,0.26315897790760323,1.9815605445476838,0.3333333333333333,0.3333333333333333,0.3333333333333333,0.42332134721761694,0.2479300823622196,0.3287485704200929
2014-09-30,HU,-0.002288095613047363,-0.0005828390311299526,1.6666666666666667e-05,0.005168488148687145,0.00810586260411314,0.2719922492198456,1.9813783055889302,0.3333333333333333,0.3333333333333333,0.3333333333333333,0.4209016518752245,0.2588561655823524,0.3202421825423686
2014-10-31,HU,-0.015784501036206204,-0.020107980214987695,1.6666666666666667e-05,0.003593078929740673,0.00398510758990428,0.2695586420564542,1.9803582745559387,0.3333333333333333,0.3333333333333333,0.3333333333333333,0.42187468357184454,0.2546400473415205,0.32348526908657504
2014-11-30,SF,0.01225446437047291,0.005430867838573315,1.6666666666666667e-05,0.008930023143540022,0.26978766519213,0.053135773276963595,1.9636086513804873,0.3333333333333333,0.3333333333333333,0.3333333333333333,0.14259649471676838,0.5299918180403247,0.3274116872428803
2014-12-31,HU,-0.009818163370085451,-0.009985008903834457,2.4999999999999998e-05,0.01002698941900787,0.2717213135182578,0.27082198625249665,1.975352632055097,0.3333333333333333,0.3333333333333333,0.3333333333333333,0.4196041253209026,0.27247961900337475,0.3079162556756778
2015-01-31,SG,-0.003591767575772187,0.018516812402914397,2.4999999999999998e-05,0.003229871316226235,0.5041043047630539,0.08714088833292635,1.8898819129404758,0.3333333333333333,0.3333333333333333,0.3333333333333333,0.22105011258993312,0.7789465965068317,3.2909032351332604e-06
2015-02-28,SG,0.004632166706149187,-0.00042328153168992696,1.6666666666666667e-05,0.010369030411546493,0.010550356401478122,-0.009136547955628214,1.7529460291811263,0.3333333333333333,0.3333333333333333,0.3333333333333333,0.2248041315119147,0.7751943712959215,1.497192163879828e-06
2015-03-31,SG,0.00024313508814151658,0.0017372026300950063,2.4999999999999998e-05,0.007402848561660097,0.0061176160048721775,0.09407102574315646,1.6095506437248457,0.3333333333333333,0.3333333333333333,0.3333333333333333,0.2248415832186173,0.7751572035738821,1.2132075006177676e-06
2015-04-30,SG,0.0023756047509266355,-0.0006372522674589615,1.6666666666666667e-05,0.0017731654989770196,0.0012507304146443887,0.20071304400190232,1.6562370443611794,0.3333333333333333,0.3333333333333333,0.3333333333333333,0.22456247430739373,0.7754360788185625,1.4468740437618592e-06
2015-05-31,SG,0.004471890361035125,-0.002651681907834213,1.6666666666666667e-05,0.004397426908823304,0.002136069549166521,0.14315910743886145,1.5767782098121184,0.3333333333333333,0.3333333333333333,0.3333333333333333,0.23034666442351548,0.7696515843769735,1.7511995111120185e-06
2015-06-30,GL,-0.007022330637166026,-0.01428444791100802,1.6666666666666667e-05,0.00316099108517523,0.2383293412296478,0.16524331173608967,1.5628067793282823,0.3333333333333333,0.3333333333333333,0.3333333333333333,0.47049844434307664,0.5294687731532569,3.2782503666277155e-05
2015-07-31,GL,-0.004491716012050922,-0.003878747648466564,2.4999999999999998e-05,0.004787356325968717,0.0005833522333722201,0.19788216945649095,1.502361178486248,0.3333333333333333,0.3333333333333333,0.3333333333333333,0.4718377122739554,0.5277517875968991,0.00041050012914553655
2015-08-31,GL,-0.01568332283744137,-0.017572853686257533,5.833333333333334e-05,0.0033082086964192348,0.001324986778749317,0.2507799388736564,1.5511800467009587,0.3333333333333333,0.3333333333333333,0.3333333333333333,0.46590077996892415,0.5339865356741027,0.00011268435697311647
2015-09-30,SG,-0.021419061435596697,-0.008467657024582357,1.6666666666666667e-05,0.004857865456102312,0.23219315606710558,-0.3430741522001607,1.5126105096600677,0.3333333333333333,0.3333333333333333,0.3333333333333333,0.22790907744999317,0.7720856876616684,5.234888338541401e-06
2015-10-31,SG,0.011395721877407148,0.01238069737234567,1.6666666666666667e-05,0.011406920376524576,0.0026602828771690947,-0.6166591408493107,1.4803459514528057,0.3333333333333333,0.3333333333333333,0.3333333333333333,0.21989506131172928,0.7801001716311877,4.767057082957353e-06
2015-11-30,SG,-0.000636183707335721,0.0005234124195850796,9.999999999999999e-05,0.00853367748736103,0.0017326020652490975,-0.3708920154565393,1.438871800122984,0.3333333333333333,0.3333333333333333,0.3333333333333333,0.22703778434161892,0.7729580460418949,4.169616486351802e-06
2015-12-31,GL,-0.014030049220916543,-0.014900423957681607,0.00019166666666666667,0.0035247473072725632,0.2537359109359336,-0.25678267219382367,1.4735512651466245,0.3333333333333333,0.3333333333333333,0.3333333333333333,0.4828531379577392,0.5170873416920586,5.952035020222605e-05
2016-01-31,GL,-0.02231013113424379,-0.029817549737972196,0.00021666666666666666,0.002550705608988263,0.0035298950538501794,-0.27822985728513294,1.5049943063481426,0.3333333333333333,0.3333333333333333,0.3333333333333333,0.4831115398352435,0.5168539040153471,3.455614940938844e-05
2016-02-29,SG,-0.0035367871002846053,0.003321182331464127,0.00025833333333333334,0.015035864739855492,0.2435445919617404,-0.6451277209403292,1.515941640535307,0.3333333333333333,0.3333333333333333,0.3333333333333333,0.22137539438286397,0.7786198475161392,4.758100996719001e-06
2016-03-31,SF,0.033009970082513274,0.02340703222002921,0.00024166666666666664,0.003640780036472002,0.3901661864507763,-0.8252685500960398,1.5641259263929337,0.3333333333333333,0.3333333333333333,0.3333333333333333,0.12727323508871408,0.4825558698723493,0.3901708950389285
2016-04-30,GL,0.01589926961327076,0.020617160758899584,0.00019166666666666667,0.011121305138588389,0.3829234740541808,-0.22289132858069755,1.4441752440278648,0.3333333333333333,0.3333333333333333,0.3333333333333333,0.48537026704006425,0.5146238921215017,5.840838434205775e-06
2016-05-31,GL,0.003600546392555063,-0.0003395226395587169,0.00022500000000000002,0.003987822669578561,0.002880799165908802,0.06402794906633756,1.5056085067200053,0.3333333333333333,0.3333333333333333,0.3333333333333333,0.4860257421210184,0.5139685711330281,5.6867459533793414e-06
2016-06-30,HU,0.013770985593872354,0.012524006164229752,0.00022500000000000002,0.0026113761867296026,0.31744030973382953,0.16036034431550658,1.5571576916074314,0.3333333333333333,0.3333333333333333,0.3333333333333333,0.4283614492500803,0.2541924871300316,0.3174460636198239
2016-07-31,HU,0.013470104662132745,0.014746727349733245,0.00025,0.002638610452601553,0.003361904569863683,0.08542460445537794,1.5751714506623364,0.3333333333333333,0.3333333333333333,0.3333333333333333,0.4260313834681272,0.259882066764097,0.3140865497677196
2016-08-31,HU,0.0024557190978445453,0.003403299577764695,0.00025,0.0042550360923682695,0.005437955254926741,0.4874342684283583,1.508941231599374,0.3333333333333333,0.3333333333333333,0.3333333333333333,0.4271073969009024,0.265257600595957,0.3076350025030897
2016-09-30,HU,-0.0031222391938071268,-0.0037460321664417764,0.00024166666666666664,0.002765254197318573,0.0038380285096625277,0.5895196329143376,1.478823956066978,0.3333333333333333,0.3333333333333333,0.3333333333333333,0.42743961447539147,0.26892021076144196,0.3036401747631178
2016-10-31,HU,-0.0070344555365397495,-0.007551773773846588,0.000275,0.0016622254594439168,0.0009705458575325066,0.44144865963407814,1.52414838090658,0.3333333333333333,0.3333333333333333,0.3333333333333333,0.42568591534515426,0.2681831403036728,0.30613094435112426
2016-11-30,HU,-0.0069445376537850345,-0.004353857383705514,0.00037500000000000006,0.0020022059550351134,0.0021761654490214666,0.5696623664333023,1.6324834991566035,0.3333333333333333,0.3333333333333333,0.3333333333333333,0.42384898041452906,0.2658445675233349,0.31030645206208535
2016-12-31,HU,0.018802475853481347,0.021855696414461313,0.00042500000000000003,0.006661941471489657,0.008190558709956108,0.4903307909299334,1.6491484712554694,0.3333333333333333,0.3333333333333333,0.3333333333333333,0.42559856680029956,0.25521521535956015,0.31918621784007806
2017-01-31,HU,0.009582734340126752,0.010141244005664645,0.00042500000000000003,0.006919910001151469,0.005136897740545182,0.7604896657012838,1.756610181403519,0.3333333333333333,0.3333333333333333,0.3333333333333333,0.42799892779094395,0.2526918753332487,0.3193091968757416
2017-02-28,HU,0.011535872876613363,0.01229446464243943,0.0004333333333333333,0.0018094948510773146,0.0023187541306468884,0.9420992790127684,1.9445434440565814,0.3333333333333333,0.3333333333333333,0.3333333333333333,0.428053067935751,0.24932562680951437,0.32262130525466376
2017-03-31,HU,0.001981327530100643,0.0027815696799042364,0.0006166666666666667,0.0023198392355220365,0.006948742355701615,1.0537533712879898,2.1024417630764156,0.3333333333333333,0.3333333333333333,0.3333333333333333,0.4237603622641797,0.25324743283207085,0.3229922049036847
2017-04-30,HU,0.004317296665204232,0.0030493405142494536,0.0006666666666666666,0.0019019143955715523,0.005427388344324352,1.0560033110380458,2.2320348221851316,0.3333333333333333,0.3333333333333333,0.3333333333333333,0.42041074194783407,0.25734211326880585,0.3222471447833007
2017-05-31,HU,0.006989821430195159,0.007229159392014941,0.0007416666666666666,0.0030451491328632174,0.017772983183646646,1.0741563857065837,2.197072133449378,0.3333333333333333,0.3333333333333333,0.3333333333333333,0.419004751693031,0.27498428514132034,0.3060109631656053
2017-06-30,HU,0.006931878983303286,0.007885712802871104,0.0008166666666666666,0.002656793110661776,0.009035804879250153,1.1577661018530778,2.152386803221765,0.3333333333333333,0.3333333333333333,0.3333333333333333,0.420192295633669,0.28522020106810525,0.29458750329818406
2017-07-31,HU,0.006134866527752057,0.006731642387967163,0.0008916666666666668,0.0024033426521541945,0.007360479191503455,1.1835382095580136,2.1508636699295978,0.3333333333333333,0.3333333333333333,0.3333333333333333,0.41814762029017816,0.2809964631625635,0.3008559165472169
2017-08-31,HU,0.002644009495394377,0.002039162479767267,0.0008416666666666667,0.002203612946485106,0.008126074591028792,1.3852351467807438,2.148503136183911,0.3333333333333333,0.3333333333333333,0.3333333333333333,0.4159115222413107,0.289329160622539,0.29475931713611
2017-09-30,HU,0.006695564363980417,0.007986822533652,0.0008583333333333333,0.00193654501114926,0.0014127991727350409,1.1833912416691053,2.2443331866330243,0.3333333333333333,0.3333333333333333,0.3333333333333333,0.4149089752459298,0.29188828455513965,0.2932027401988902
2017-10-31,HU,0.00969826879756916,0.011528712556033598,0.0008916666666666668,0.0034809185988885494,0.0027189532024069485,1.3445895511156862,2.3337627099640046,0.3333333333333333,0.3333333333333333,0.3333333333333333,0.415985755193966,0.28904190098470445,0.2949723438212894
2017-11-30,HU,0.0021547470134666287,0.002262814676957417,0.001025,0.004901929813598299,0.002844201684955,1.2831621755506195,2.4233718652711316,0.3333333333333333,0.3333333333333333,0.3333333333333333,0.42259774006890694,0.28405632618810034,0.29334593374295004
2017-12-31,HU,0.012423994838453982,0.014381117213237026,0.0011,0.0011829751550739842,0.006145768563725035,1.4606582027211281,2.4776384596522574,0.3333333333333333,0.3333333333333333,0.3333333333333333,0.4275395204342437,0.2768719435933021,0.2955885359724089
2018-01-31,HU,0.014192115372922745,0.018561306691155462,0.001175,0.004701385584066381,0.0034463618951434405,1.5289125756764803,2.491018895303952,0.3333333333333333,0.3333333333333333,0.3333333333333333,0.42928672425188275,0.27806425191192174,0.2926490238361497
2018-02-28,HU,-0.015384887707848488,-0.018537084842929992,0.0013083333333333334,0.009687557817940534,0.006537768952219469,1.5874747330952064,2.506711408317222,0.3333333333333333,0.3333333333333333,0.3333333333333333,0.4334962486155046,0.27030806737085394,0.29619568401359203
2018-03-31,SF,-0.003208895480564437,-0.0006295603978313145,0.0014166666666666668,0.007745557217271687,0.2892271237904742,1.1074163290895405,2.570500942866922,0.3333333333333333,0.3333333333333333,0.3333333333333333,0.13555603735251104,0.449444513947616,0.41499944869986943
2018-04-30,SF,-0.003087593770661923,-0.002552602746082301,0.0014666666666666667,0.0028656940099915096,0.0019395027157970285,1.2067325642539204,2.5971942949692632,0.3333333333333333,0.3333333333333333,0.3333333333333333,0.1345878065696055,0.4520908156411838,0.41332137778920675
2018-05-31,SF,0.008888077399736922,0.00913766160854965,0.0015500000000000002,0.002710086056756794,0.006719459480568832,1.2771815804388973,2.6974167594265013,0.3333333333333333,0.3333333333333333,0.3333333333333333,0.13602429211710057,0.44266752810308,0.4213081797798165
2018-06-30,SF,0.0006773460193028409,9.930068342908455e-05,0.0015833333333333333,0.0018469855747219044,0.0054270186227725475,1.4259357112648325,2.7652056075890568,0.3333333333333333,0.3333333333333333,0.3333333333333333,0.13756930507774892,0.43520667578311295,0.427224019139136
2018-07-31,HU,0.005245122164946843,0.005474040574137178,0.0016333333333333332,0.0020226980991233934,0.28855580080478915,1.458359103471536,2.821586968526395,0.3333333333333333,0.3333333333333333,0.3333333333333333,0.42645611098609787,0.2674971437693578,0.30604674524449466
2018-08-31,HU,0.0052307928138906005,0.006431237354660846,0.0016916666666666666,0.0015768645528514702,0.004796965169131917,1.4997068533717253,2.8975533945994743,0.3333333333333333,0.3333333333333333,0.3333333333333333,0.42768763963122675,0.27257971177800694,0.2997326485907193
2018-09-30,HU,0.0019357108748983374,0.002900102321869476,0.0017749999999999999,0.0031953123688571727,0.0011625782302754073,1.583372189162268,2.949751565172656,0.3333333333333333,0.3333333333333333,0.3333333333333333,0.4323458294030313,0.27150343898552654,0.2961507316113936
2018-10-31,HU,-0.01606957960064757,-0.019180711268020047,0.001875,0.0020433204935870752,0.010486899654712,1.5132249274001925,2.968668053781468,0.3333333333333333,0.3333333333333333,0.3333333333333333,0.43329442125150747,0.2606339730485768,0.30607160569985903
2018-11-30,SF,-0.009746328307184615,-0.007824343144238539,0.0019416666666666668,0.007974896064831954,0.2848958131263265,1.1573502276101952,2.917582801407595,0.3333333333333333,0.3333333333333333,0.3333333333333333,0.13937369008355913,0.4385469546406703,0.42207935527576823
2018-12-31,SF,-0.01668390869255516,-0.0039024335771212274,0.001975,0.0026380926657213477,0.004618193225225928,0.8893020884493756,2.9159669391853975,0.3333333333333333,0.3333333333333333,0.3333333333333333,0.13359462831300248,0.44311040071757707,0.42329497096941743
2019-01-31,SF,0.01121654343307901,0.008451325186318102,0.001975,0.014221192186009146,0.00640012069659722,0.5208337173587048,2.885170540141231,0.3333333333333333,0.3333333333333333,0.3333333333333333,0.12615824787314134,0.45792367749220086,0.4159180746346527
2019-02-28,SG,0.019528757437603902,0.012840064250903796,0.0019916666666666668,0.006813337817606929,0.4085324771583546,0.7318749409871705,2.7940684342428956,0.3333333333333333,0.3333333333333333,0.3333333333333333,0.1816485103547205,0.8183501085443308,1.3811009488341913e-06
2019-03-31,GL,0.013989975890754755,0.016917743630460856,0.002,0.011430073768341431,0.314105867111375,1.01768186215956,2.734373384671641,0.3333333333333333,0.3333333333333333,0.3333333333333333,0.5032228549305849,0.4967747681245515,2.3769448634148325e-06
2019-04-30,GL,0.011777438159753377,0.014411111379863492,0.001983333333333333,0.003586208168953303,0.00033970006315529313,1.1008789596551984,2.7434419013119897,0.3333333333333333,0.3333333333333333,0.3333333333333333,0.49898456058247825,0.5010134492894665,1.990128055300923e-06
2019-05-31,GL,-0.0024751953601519134,-0.0027321809019879833,0.001958333333333333,0.0037929263132141233,0.003089735330293825,1.3517465369330228,2.6935375367475336,0.3333333333333333,0.3333333333333333,0.3333333333333333,0.5002624263516866,0.49973517107458,2.402573733606356e-06
2019-06-30,GL,0.009654718174045871,0.018023778264022294,0.0018083333333333335,0.005786039933969006,0.001236544761856531,1.1458255451317707,2.6437489321742698,0.3333333333333333,0.3333333333333333,0.3333333333333333,0.49294203073001536,0.5070560115887797,1.957681204970617e-06
2019-07-31,SG,0.011882686408157091,0.010262663369165915,0.00175,0.005479008273051478,0.3098762194407944,1.0745858542807143,2.5212464186348846,0.3333333333333333,0.3333333333333333,0.3333333333333333,0.18058696401560384,0.8194111235232753,1.912461120895503e-06
2019-08-31,GL,-0.006268175204773592,-0.005055691246392563,0.001625,0.0050124869491564306,0.3079417711510965,1.3243406608972645,2.4506795081432062,0.3333333333333333,0.3333333333333333,0.3333333333333333,0.49153824231077936,0.5084606629790128,1.0947102079274244e-06
2019-09-30,SG,0.0063922028009797925,-0.00031423290102617284,0.001575,0.012286737503556217,0.3083619007594438,1.0884287419102712,2.3882585689987885,0.3333333333333333,0.3333333333333333,0.3333333333333333,0.16507684899872985,0.834921009119962,2.1418813080545012e-06
2019-10-31,GL,0.0012582579208055087,0.0015422952380135836,0.0013750000000000001,0.007613065222254162,0.3132326634509124,1.4604590584168413,2.237511654883766,0.3333333333333333,0.3333333333333333,0.3333333333333333,0.48321245286919284,0.5167867526850631,7.944453273991702e-07
2019-11-30,GL,0.013853381367663125,0.01907871278527793,0.0012833333333333334,0.0016176652248395262,0.0005685615687609936,1.3806691867361633,2.202755231420304,0.3333333333333333,0.3333333333333333,0.3333333333333333,0.48028319979029327,0.5197159259778872,8.742318193912447e-07
2019-12-31,GL,0.008022341208369591,0.011750836076921454,0.0012833333333333334,0.0077350769725405555,0.004817182086996209,1.5996442418358259,2.1710384627928048,0.3333333333333333,0.3333333333333333,0.3333333333333333,0.4840912991781534,0.515907734054917,9.667669296462806e-07
2020-01-31,GL,0.014607335032623075,0.021233451949876712,0.0012666666666666666,0.004264253140668917,0.003135252717876397,1.6026276963854165,2.171960675615447,0.3333333333333333,0.3333333333333333,0.3333333333333333,0.48534211930531385,0.5146568362389158,1.0444557703264554e-06
2020-02-29,GL,-0.005678982456363569,-0.001510919836900206,0.0012666666666666666,0.004303733044258462,0.0003376060968466874,1.4216762367160247,2.1657957979663958,0.3333333333333333,0.3333333333333333,0.3333333333333333,0.48373265635149443,0.5162666700627313,6.735854213475626e-07
2020-03-31,SG,-0.10414790310999884,-0.09953184150689905,0.00024166666666666664,0.0062295633798146455,0.30490282188585505,1.220557029147963,2.0560836113162946,0.3333333333333333,0.3333333333333333,0.3333333333333333,0.17137685816679,0.8286219115534912,1.230279718827286e-06
2020-04-30,SG,0.008923068522991257,0.04734282699952536,0.00011666666666666668,0.0428841102477138,0.011661486264771963,-1.852923070507583,1.9716503379714256,0.3333333333333333,0.3333333333333333,0.3333333333333333,0.1369018366824448,0.8630877787056813,1.038461187405385e-05
2020-05-31,SG,0.024008546714080495,0.020142785214022515,0.00010833333333333333,0.015951303492177216,0.0017152952934415084,-4.907770684392368,1.514789643957971,0.3333333333333333,0.3333333333333333,0.3333333333333333,0.13075647710214033,0.8692408410106733,2.6818871862740257e-06
2020-06-30,SG,0.035008170077703474,0.02911216497005566,0.00013333333333333334,0.004499850752277296,0.0428871429435904,-8.261955794976755,1.2164398817276332,0.3333333333333333,0.3333333333333333,0.3333333333333333,0.17591028428425787,0.8240863715106143,3.3442051277744737e-06
2020-07-31,GL,0.019319359081421638,0.02449527682033712,0.00010833333333333333,0.01161928731656206,0.30147510687714213,-4.285267310312937,1.0306772755882243,0.3333333333333333,0.3333333333333333,0.3333333333333333,0.48456020617476214,0.5154384419173349,1.351907903137891e-06
2020-08-31,GL,0.014453820116994942,0.017165551607003126,8.333333333333333e-05,0.003985177251870059,0.0002676890188782228,-2.1284482105757254,1.0243356471570584,0.3333333333333333,0.3333333333333333,0.3333333333333333,0.4807654088800997,0.5191724018918575,6.218922804256641e-05
2020-09-30,GL,-0.0012873682599694092,-0.004978497687829111,9.166666666666667e-05,0.0110773988636155,0.0038192193372612974,-1.3112014141777164,1.0687468479431563,0.3333333333333333,0.3333333333333333,0.3333333333333333,0.4915987807187483,0.508333892050154,6.732723109768094e-05
2020-10-31,HU,0.005935827488865511,0.007061813415226636,8.333333333333333e-05,0.0024910017463659895,0.3293218847792917,-1.3619970682054845,1.2414701773702397,0.3333333333333333,0.3333333333333333,0.3333333333333333,0.4048205606142877,0.26578947261517283,0.3293899667704873
2020-11-30,HU,0.030536709673019666,0.03273422809426934,7.5e-05,0.002808084260798066,0.002789064337087366,-1.1786236874978606,1.2019629248459387,0.3333333333333333,0.3333333333333333,0.3333333333333333,0.4076957443973509,0.2607619593136497,0.3315422962889412
2020-12-31,HU,0.021830000842075675,0.025323891185897247,7.5e-05,0.008168298692371151,0.007623432321603535,-0.6529173663533067,1.2221364089050282,0.3333333333333333,0.3333333333333333,0.3333333333333333,0.4119636003414323,0.2564386902621093,0.3315977093963941
