,Growth,Inflation,GrowthTrend,InflationTrend,GrowthMomentum,InflationMomentum,Regime
1975-01-31,-1.5317220136532752,8.222874318003285,-1.6774515472794802,8.227248326931422,1.0,-1.0,GL
1975-02-28,-1.648243311559088,8.009756540245723,-1.5158972357757754,7.922478241205563,1.0,-1.0,GL
1975-03-31,-1.4487376702318777,7.669744059660992,-1.354342923917297,7.617708155479364,1.0,-1.0,GL
1975-04-30,-1.1474326678867741,7.206818927593016,-1.1927886116350606,7.312938069758273,1.0,-1.0,GL
1975-05-31,-1.1314011966120887,7.037055404289428,-1.0312342991853198,7.008167984063868,1.0,-1.0,GL
1975-06-30,-0.9404818578748128,6.46037404201276,-0.8696799866557811,6.703397898412419,1.0,-1.0,GL
1975-07-31,-0.5015015628907312,6.4133956805503045,-0.7081256743253082,6.469741312252077,1.0,-1.0,GL
1975-08-31,-0.4967189979459792,6.630801627155985,-0.5782470946168272,6.2360847260998105,1.0,-1.0,GL
1975-09-30,-0.4883958646432363,6.061340404620741,-0.5482301049254664,6.002428139936653,1.0,-1.0,GL
1975-10-31,-0.5916210495524502,5.618755767986726,-0.5182131161414781,5.768771553774427,1.0,-1.0,GL
1975-11-30,-0.37968685638212185,5.45835322634882,-0.48819612752182484,5.5351149676469165,1.0,-1.0,GL
1975-12-31,-0.5019513173330666,5.291525042791026,-0.4581791389155246,5.309351094020888,1.0,-1.0,GL
1976-01-31,-0.6282640869180766,5.136426057560682,-0.4281621498594695,5.083587220571235,1.0,-1.0,GL
1976-02-29,-0.3290938437515316,4.8648613355559895,-0.293460663267621,4.857823347170223,1.0,-1.0,GL
1976-03-31,-0.16319690834176923,4.604818076719965,-0.1587591755286979,4.632059473858308,1.0,-1.0,GL
1976-04-30,-0.12063954728528066,4.472335200124233,-0.02405768748267638,4.539740030644474,1.0,-1.0,GL
1976-05-31,0.22681801995884765,4.34085219429527,0.11064380060513737,4.468538240399423,1.0,-1.0,GL
1976-06-30,0.3031219211701128,4.568101567173281,0.24534528817070567,4.3973364501903545,1.0,-1.0,GL
1976-07-31,0.44119274957098037,4.423049829917067,0.380046773276663,4.32613465998339,1.0,-1.0,GL
1976-08-31,0.5290992822679652,4.158434330352366,0.4551386947813103,4.254932869777022,1.0,-1.0,GL
1976-09-30,0.6276167210980934,4.260365240093783,0.5302306134171106,4.1837310795764475,1.0,-1.0,GL
1976-10-31,0.6145386415834581,4.12049026917115,0.6053225315834723,4.112529289379914,1.0,-1.0,GL
1976-11-30,0.5188134892435503,4.101829255475472,0.6804144498131155,4.0413274991920245,1.0,-1.0,GL
1976-12-31,0.6780903646595173,3.852480318043073,0.75550636942479,3.970125709021633,1.0,-1.0,GL
1977-01-31,0.8757113446980621,3.8355003420258997,0.8680754246796822,3.898923922525452,1.0,-1.0,GL
1977-02-28,1.0414976903666635,3.9356659711594286,0.9806444852480859,4.143582751331369,1.0,1.0,HU
1977-03-31,0.986770072397484,4.485812160543777,1.0932135491966186,4.388241580177801,1.0,1.0,HU
1977-04-30,1.0355273975039598,4.7010344052437425,1.2057827963836683,4.63290040902233,1.0,1.0,HU
1977-05-31,1.4305093796144954,5.026277911486368,1.3183520454338034,4.877559237844591,1.0,1.0,HU
1977-06-30,1.461206758596018,4.893095940456755,1.4309212945181087,4.864457058712012,1.0,-1.0,GL
1977-07-31,1.5604803046149625,4.870939479199622,1.5434905433438328,4.85135487952696,1.0,-1.0,GL
1977-08-31,1.732257529889661,4.849016243850482,1.656059791360683,4.8382527003254445,1.0,-1.0,GL
1977-09-30,1.8715780982198218,4.827322571175152,1.727286515608154,4.825150521118607,1.0,-1.0,GL
1977-10-31,1.7824699682451113,4.697951450272759,1.7766605290176611,4.812048341913358,1.0,-1.0,GL
1977-11-30,1.6404411431829964,4.677265301633339,1.8260345420289108,4.798946162718414,1.0,-1.0,GL
1977-12-31,1.957585947384801,4.877542863340938,1.8754085550245512,4.785843983532976,1.0,-1.0,GL
1978-01-31,1.954553444544104,4.856111263509703,1.9247825679461303,4.772741804347301,1.0,-1.0,GL
1978-02-28,1.9887830026220445,4.940780109698618,1.9741565808775479,4.75963962515908,1.0,-1.0,GL
1978-03-31,2.0099277486671117,4.5834973968394035,2.0235305939797366,4.746537445971247,1.0,-1.0,GL
1978-04-30,1.792511501189759,4.668259904075798,2.072904607616731,4.733435266821784,1.0,-1.0,GL
1978-05-31,2.209659123710686,4.745428956825762,2.1222786232160433,4.90638617533461,1.0,1.0,HU
1978-06-30,2.055029632984572,5.14497992106396,2.1716526389165187,5.096285398239766,1.0,1.0,HU
1978-07-31,2.5504477732580955,5.32842848132025,2.2210266544766317,5.286184621155645,1.0,1.0,HU
1978-08-31,2.2313816183715725,5.510066693942431,2.229619156660311,5.476083844073006,1.0,1.0,HU
1978-09-30,2.209840429852556,5.588198848478586,2.2382116581002838,5.665983066987447,1.0,1.0,HU
1978-10-31,2.2270409999179384,5.977830399356382,2.2468041593226817,5.855882289896394,1.0,1.0,HU
1978-11-30,1.9801946664734933,6.254843710614507,2.255396660492626,6.0457815127832655,1.0,1.0,HU
1978-12-31,2.3947653812615886,6.2190416528870704,2.2639891616872814,6.2356807356492405,1.0,1.0,HU
1979-01-31,2.533350684186235,6.292254849588139,2.272581662145506,6.4255799585164555,1.0,1.0,HU
1979-02-28,2.1785751222515035,6.454867009209744,2.263143193967506,6.615479181413582,-1.0,1.0,SF
1979-03-31,2.1541583446426644,6.822107425273687,2.253704725463455,6.80937912319372,-1.0,1.0,SF
1979-04-30,2.3567255553097457,7.077613396874384,2.2442662568626974,7.003279064993568,-1.0,1.0,SF
1979-05-31,2.0607019238348134,7.2222836648862705,2.2348277881448477,7.197179006800696,-1.0,1.0,SF
1979-06-30,2.2038303547580558,7.354383185843662,2.2253893194862413,7.391078948614608,-1.0,1.0,SF
1979-07-31,2.218216016727097,7.5900952235814785,2.2159508507366574,7.584978890437347,-1.0,1.0,SF
1979-08-31,2.3191928864795743,7.822208604254604,2.2065123816029137,7.778878832267353,-1.0,1.0,SF
1979-09-30,2.1152693549711277,8.061951216210465,2.1970739108399924,7.972778774103756,-1.0,1.0,SF
1979-10-31,2.3251034183067754,8.089039657555952,2.1876354389878165,8.166678715949926,-1.0,1.0,SF
1979-11-30,1.9162035728833489,8.208270141999321,1.9937748670779072,8.360578657853466,-1.0,1.0,SF
1979-12-31,1.8724245660303995,8.532119782507124,1.7999142942214161,8.638597889423592,-1.0,1.0,SF
1980-01-31,1.41172542561309,8.943688973958624,1.606053720241558,8.916617121013969,-1.0,1.0,SF
1980-02-29,1.5410770563756415,9.325196821852888,1.412193145758707,9.194636352602842,-1.0,1.0,SF
1980-03-31,1.0604866871976921,9.507450307736633,0.8605728501538378,9.472655584164373,-1.0,1.0,SF
1980-04-30,0.4652455910245037,9.774969635412166,0.2650732714713084,9.750674815621688,-1.0,1.0,SF
1980-05-31,-0.7305124656406897,9.773080482589204,-0.33042630743131074,9.76411182965492,-1.0,1.0,SF
1980-06-30,-0.9191051487970493,9.67148321962306,-0.7277881771637363,9.553003383992804,-1.0,-1.0,SG
1980-07-31,-0.28291347981933673,9.57213741954814,-0.413728010608974,9.341894938027856,1.0,-1.0,GL
1980-08-31,0.024351089862633304,8.878987410291558,-0.0996678438093583,9.13078649204837,1.0,-1.0,GL
1980-09-30,0.017675326977435644,8.717024573457316,0.21439232310348244,8.919678046089816,1.0,-1.0,GL
1980-10-31,0.3936790743807011,8.641647559110318,0.5284524902492418,8.7487400692836,1.0,-1.0,GL
1980-11-30,1.0999639170930953,8.557220720852353,0.8425126573355296,8.577802092500564,1.0,-1.0,GL
1980-12-31,1.2663135155878336,8.556350726840384,1.1565728105946924,8.406864115717413,1.0,-1.0,GL
1981-01-31,1.3449998466676916,8.383646167814849,1.095228218149117,8.235926138902025,-1.0,-1.0,SG
1981-02-28,0.8366862297991126,8.036317383072575,1.033883625036236,7.961706092892501,-1.0,-1.0,SG
1981-03-31,0.5005707309761377,7.786174762019696,0.9725390322859894,7.6874860468496715,-1.0,-1.0,SG
1981-04-30,1.1892172208385032,7.300970004135943,1.1488651755809203,7.413266000801314,1.0,-1.0,GL
1981-05-31,1.6050152960538235,7.005270772276004,1.325191318839486,7.139045954767601,1.0,-1.0,GL
1981-06-30,1.3744977172535895,6.791436362845191,1.374497718300105,6.881458955267452,1.0,-1.0,GL
1981-07-31,1.3375250446173594,6.732421462481715,1.337525043832637,7.01964079455713,-1.0,1.0,SF
1981-08-31,1.205629579296961,7.402330001505765,0.996751241388885,7.157822633871395,-1.0,1.0,SF
1981-09-30,0.33015000670630745,7.428738103408358,0.41919319052805676,7.296004473168887,-1.0,1.0,SF
1981-10-31,-0.0069135073219698945,7.520802764964775,-0.15836486053028084,7.433587911526545,-1.0,1.0,SF
1981-11-30,-1.0072094192934247,7.089534659780624,-0.735922911515237,7.043606716584848,-1.0,-1.0,SG
1981-12-31,-0.8762448624191402,6.659373503067525,-0.87624486203346,6.653625521618082,-1.0,-1.0,SG
1982-01-31,-1.051474963302646,6.244567194044591,-0.8764351047637713,6.26364432664645,-1.0,-1.0,SG
1982-02-28,-0.791340156254864,5.837372009957881,-0.8142237972569327,5.873663131678989,1.0,-1.0,GL
1982-03-31,-0.8252258391319163,5.437580374672746,-0.7520124894500168,5.483681936729538,1.0,-1.0,GL
1982-04-30,-0.5118659658295152,4.984638425508139,-0.6898011817039599,5.093700741853057,1.0,-1.0,GL
1982-05-31,-0.5801555241436379,4.821113944315208,-0.6275898756834558,5.030613543059889,1.0,-1.0,GL
1982-06-30,-0.519628706593776,5.001452385291547,-0.6718855954894475,4.967526344300224,-1.0,-1.0,SG
1982-07-31,-0.859725951559894,5.169507297628611,-1.1552121741184034,4.904439145537091,-1.0,-1.0,SG
1982-08-31,-2.2431473767050845,4.781090153998214,-1.638538753098057,4.618219685989675,-1.0,-1.0,SG
1982-09-30,-1.687046549897141,4.413095773507855,-2.000777575980237,4.332000226297345,-1.0,-1.0,SG
1982-10-31,-2.5198819122651455,3.7764260753023944,-2.3630163984793553,4.045780766598123,-1.0,-1.0,SG
1982-11-30,-2.355210568942148,3.8331066623232672,-2.1259435902727577,3.7595613069134246,1.0,-1.0,GL
1982-12-31,-1.5893324396863178,3.488466802331808,-1.7526887697504252,3.4733418472418003,1.0,-1.0,GL
1983-01-31,-1.484959089518919,3.0832988327171433,-1.3794339490661882,3.187122387599626,1.0,-1.0,GL
1983-02-28,-0.9607435891799322,3.009902969979436,-1.0061791283759123,3.0967094806586437,1.0,-1.0,GL
1983-03-31,-0.5143103880699157,2.8713413236742444,-0.6329243081656274,3.0062965738327265,1.0,-1.0,GL
1983-04-30,-0.24033421161080495,2.936972128547344,-0.2596695025105375,2.915883667022036,1.0,-1.0,GL
1983-05-31,0.02962398476451454,3.1916196514549986,0.016642522342925212,2.8254707602062132,1.0,-1.0,GL
1983-06-30,0.2561596735211383,2.844240386521223,0.29295453753512457,2.6464062257194128,1.0,-1.0,GL
1983-07-31,0.556116047327856,2.2433154155998554,0.5692665501069014,2.467341691219063,1.0,-1.0,GL
1983-08-31,1.0550407308944179,2.171683286903931,0.8455785584678666,2.2882771567371156,1.0,-1.0,GL
1983-09-30,0.9304359751260194,2.2322974682414274,0.8965411669494547,2.2480822885114873,1.0,-1.0,GL
1983-10-31,0.7788964084508639,2.4231440564138937,0.947503775168453,2.391574415894231,1.0,1.0,HU
1983-11-30,0.9894627506070601,2.416140511893809,0.9984663836037709,2.535066543438207,1.0,1.0,HU
1983-12-31,1.0633422640652717,2.671569190065599,1.0494289924855877,2.7832926267192453,1.0,1.0,HU
1984-01-31,0.9253724314431359,3.0592993503220915,1.100391602173337,3.0315187100219587,1.0,1.0,HU
1984-02-29,0.9879833751746581,3.3719186678902453,1.1513542142225142,3.279744793323539,1.0,1.0,HU
1984-03-31,1.440482353611982,3.6228810096803463,1.2023168265988051,3.52797087660107,1.0,1.0,HU
1984-04-30,1.2006610680555543,3.7466194278076186,1.253279438611614,3.613760828212557,1.0,1.0,HU
1984-05-31,1.5396712430917294,3.536351432565597,1.304242049964818,3.56202266336702,1.0,-1.0,GL
1984-06-30,1.1733069358235093,3.3996296068513985,1.2119251161667748,3.510284498505623,-1.0,-1.0,SG
1984-07-31,1.3014327916905524,3.3942088727588717,1.1196081819449522,3.45854633363964,-1.0,-1.0,SG
1984-08-31,0.7266839685269461,3.383432583741247,1.027291247592459,3.40680816876812,-1.0,-1.0,SG
1984-09-30,1.0175802102143288,3.3754068859763873,0.9349743139342095,3.3550700038824712,-1.0,-1.0,SG
1984-10-31,0.8216759952481204,3.3674291505487384,0.8426573808378628,3.3033318389355046,-1.0,-1.0,SG
1984-11-30,0.7067051355403953,3.356866037899194,0.7503404490963914,3.2515936615192027,-1.0,-1.0,SG
1984-12-31,0.642768997969168,3.2875224216381245,0.7577130103133501,3.199721639836717,1.0,-1.0,GL
1985-01-31,0.6521788072922927,3.2185891226330217,0.765086172246748,3.1478496181164988,1.0,-1.0,GL
1985-02-28,1.0209135184817946,2.8969894051085023,0.772459334827008,3.095977596393746,1.0,-1.0,GL
1985-03-31,0.8749535148174575,2.9468871136890047,0.7798324973395928,3.0441055747039547,1.0,-1.0,GL
1985-04-30,0.8910366156973739,3.0611540304792553,0.7872056597942835,3.008085862215351,1.0,-1.0,GL
1985-05-31,0.5672880761117212,2.931698791853769,0.7945788224045535,2.9720661498009675,1.0,-1.0,GL
1985-06-30,0.6815847065171045,2.927397006290506,0.8200085103834156,2.936046437543342,1.0,-1.0,GL
1985-07-31,0.8634239229119894,2.983046599085071,0.8454382109223173,2.9000267253399574,1.0,-1.0,GL
1985-08-31,0.8442312526566375,2.854886338014425,0.870867911808675,2.8640070131627517,1.0,-1.0,GL
1985-09-30,0.8988938680695179,2.7891770880716065,0.8962976127107566,2.82798730104941,1.0,-1.0,GL
1985-10-31,1.076122780295372,2.723844395435058,0.9217273132656164,2.8192524793373726,1.0,-1.0,GL
1985-11-30,0.8924894356988772,2.716162874473795,0.827258545839216,2.848471158234853,-1.0,1.0,SF
1985-12-31,0.7539363301681566,2.889416284180613,0.6790218796104888,2.8776898371563715,-1.0,1.0,SF
1986-01-31,0.5771445694014012,3.062012808921697,0.5307852121867114,2.906908516076489,-1.0,1.0,SF
1986-02-28,0.40416291310217983,3.1751554468947756,0.3825485445700521,2.9361271949555885,-1.0,1.0,SF
1986-03-31,-0.02285867629731915,2.6934651723671763,0.23431187715512386,2.575374397922083,-1.0,-1.0,SG
1986-04-30,-0.14484992197834076,2.0440121794732833,0.17069048786968996,2.2146216008794077,-1.0,-1.0,SG
1986-05-31,0.3490231930359392,1.692992358798328,0.10706910027974677,1.8538688038533704,-1.0,-1.0,SG
1986-06-30,0.3254893963130234,1.7491280276630339,0.04344771245268406,1.813326863018558,-1.0,-1.0,SG
1986-07-31,0.015857543230554938,1.8040318066587733,-0.02017367651953945,1.77278492225603,-1.0,-1.0,SG
1986-08-31,-0.10659774815693458,1.744283072858936,-0.08379506564626629,1.7322429815077054,-1.0,-1.0,SG
1986-09-30,-0.31123908333468014,1.6847558357552954,-0.14741645449507546,1.6917010407657118,-1.0,-1.0,SG
1986-10-31,-0.4076410882493789,1.7979346352778518,-0.2110378259246255,1.651159100025987,-1.0,-1.0,SG
1986-11-30,-0.12467752909723422,1.6793407330480603,-0.11903954832702086,1.6106171592845355,1.0,-1.0,GL
1986-12-31,-0.05238488652252988,1.503812112410055,-0.027041270482858135,1.57007521854682,1.0,-1.0,GL
1987-01-31,0.30387804667373075,1.4434068074214004,0.06495700720366127,1.5295332778359478,1.0,-1.0,GL
1987-02-28,0.05169482111449129,1.553828296276203,0.09181172703706106,1.6744317492720517,1.0,1.0,HU
1987-03-31,0.17299271164071794,1.895314932881318,0.11866643700479135,2.0436980236598528,1.0,1.0,HU
1987-04-30,0.12245730775065854,2.4715408386268916,0.145357423860381,2.4129642980651522,1.0,1.0,HU
1987-05-31,0.1819534864942219,2.992640575735022,0.1720484047086059,2.7822305724642478,1.0,1.0,HU
1987-06-30,0.11003318395911234,2.986345761571152,0.19873938251798925,2.9453435608299365,1.0,1.0,HU
1987-07-31,0.29277625299244514,3.0348184199075274,0.22543035893398009,3.0710496321963823,1.0,1.0,HU
1987-08-31,0.1938569624096785,3.1462115256359344,0.19385696131397073,3.196755703503196,-1.0,1.0,SF
1987-09-30,0.16561360156138968,3.3708180968919255,-0.43438639811791896,3.3224617747572958,-1.0,1.0,SF
1987-10-31,-2.0631997433161358,3.3611261211318073,-1.4631997435456296,3.366292386685417,-1.0,1.0,SF
1987-11-30,-1.8481187675164286,3.4127061297509464,-1.7309374190849323,3.410122996928085,-1.0,1.0,SF
1987-12-31,-1.3322329140067954,3.5203966928812807,-1.4642504900607898,3.387982924851392,1.0,-1.0,GL
1988-01-31,-1.2998183576690436,3.398046302854431,-1.197563560470962,3.337123924012965,1.0,-1.0,GL
1988-02-29,-1.131555308482609,3.2719602403143746,-0.9308766301956765,3.286264923159373,1.0,-1.0,GL
1988-03-31,-0.49823151217024875,3.151593079008954,-0.6641896996880435,3.2354059223073754,1.0,-1.0,GL
1988-04-30,-0.25780336031317636,3.0874784217189166,-0.39750276970883897,3.184546921478849,1.0,-1.0,GL
1988-05-31,-0.09079627523892299,3.187207770552435,-0.21109945346111575,3.18350801278843,1.0,-1.0,GL
1988-06-30,-0.061086413015244714,3.1806192315939614,-0.024696144451220453,3.1824691102338747,1.0,-1.0,GL
1988-07-31,0.12768256072383502,3.1697157317317135,0.1617071641876074,3.1932656519539386,1.0,1.0,HU
1988-08-31,0.16781760791705244,3.27245050459907,0.3481104727482182,3.2327560879014627,1.0,1.0,HU
1988-09-30,0.5327032342785073,3.2612216080910263,0.5345137813387834,3.272246523977411,1.0,1.0,HU
1988-10-31,0.793655903753941,3.306495875600977,0.7209170897552983,3.311736961669068,1.0,1.0,HU
1988-11-30,0.8943054589201987,3.3537562746241294,0.9073203974458135,3.35122742117343,1.0,1.0,HU
1988-12-31,1.1486545875607823,3.3445769626249353,1.0937237037033856,3.3907178936573596,1.0,1.0,HU
1989-01-31,1.1861169731348105,3.4475411841043035,1.1861169782092915,3.4704322269753085,1.0,1.0,HU
1989-02-28,1.2490551199967677,3.4916655862852126,1.2490551177016889,3.5501465603404045,1.0,1.0,HU
1989-03-31,1.3653926491413448,3.593844986270415,1.2549610066923962,3.6298608937226513,1.0,1.0,HU
1989-04-30,1.1058008993457706,3.746456278952196,1.18169305394567,3.7095752271083713,-1.0,1.0,SF
1989-05-31,1.162464676459464,3.8343557873285037,1.1084251006169776,3.7892895604867354,-1.0,1.0,SF
1989-06-30,1.1262673472649332,3.985054190367726,1.0351571469212313,3.869003893834085,-1.0,1.0,SF
1989-07-31,0.8743659206336485,3.9184863773572483,0.9618891931239228,3.8062053010155923,-1.0,-1.0,SG
1989-08-31,0.7499347240747881,3.852480318043073,0.8886212396204444,3.7434067081294784,-1.0,-1.0,SG
1989-09-30,1.0000064144596246,3.578113394639662,0.8153532870938538,3.6806081152352053,-1.0,-1.0,SG
1989-10-31,0.6069352018981535,3.462073488707812,0.7420853351138186,3.6178095223528137,-1.0,-1.0,SG
1989-11-30,0.5411151517638532,3.556551011248495,0.6688176726627567,3.631869963237105,-1.0,1.0,SF
1989-12-31,0.6492616499190356,3.5987357720309534,0.6719095353594272,3.6736924070468313,1.0,1.0,HU
1990-01-31,0.5405855914665165,3.589147665952506,0.6750013985565279,3.7155148508878177,1.0,1.0,HU
1990-02-28,0.9137487377549994,3.9362173779891103,0.6780932617935825,3.757337294733674,1.0,1.0,HU
1990-03-31,0.727313392784559,3.976702247852855,0.6811851232203945,3.799159738556135,1.0,1.0,HU
1990-04-30,0.6109371391424825,3.9606408199396377,0.6021305989948348,3.7484217680335785,-1.0,-1.0,SG
1990-05-31,0.478121780355651,3.6339062319602187,0.495734867409985,3.6976837974810586,-1.0,-1.0,SG
1990-06-30,0.4187647941282692,3.418724520016861,0.389339124132245,3.646945826933286,-1.0,-1.0,SG
1990-07-31,0.36843979708825914,3.610309282168936,0.14352142731828407,3.682387263761947,-1.0,1.0,SF
1990-08-31,-0.17747744818096353,3.70081980935963,-0.10229627351091256,3.918385747176167,-1.0,1.0,SF
1990-09-30,-0.3549832365200065,4.249957234550904,-0.34811397440952485,4.15438423062439,-1.0,1.0,SF
1990-10-31,-0.7838425616039559,4.54024644598835,-0.5939316749800446,4.3903827140685525,-1.0,1.0,SF
1990-11-30,-0.7543579515941717,4.67058838103279,-0.7367298214831381,4.626381197454829,-1.0,1.0,SF
1990-12-31,-0.7650002186522065,4.556108585543884,-0.8795279647188322,4.545430348240305,-1.0,-1.0,SG
1991-01-31,-1.2097998431498116,4.593123658326234,-1.0223261068300333,4.395720368032717,-1.0,-1.0,SG
1991-02-28,-0.9525808791775229,4.215305782052205,-0.8543106676484722,4.24601038756013,1.0,-1.0,GL
1991-03-31,-0.5887562178134657,4.007369536774656,-0.6862952278927441,4.096300407082337,1.0,-1.0,GL
1991-04-30,-0.4987430308476118,3.701984387527027,-0.5182797881855592,3.9465904266115412,1.0,-1.0,GL
1991-05-31,-0.30388430271172495,3.69501047063484,-0.3502643488575814,3.7968804461600496,1.0,-1.0,GL
1991-06-30,-0.1304365643741658,3.8348076396735418,-0.1822489110612398,3.647170465710519,1.0,-1.0,GL
1991-07-31,-0.1006901992217372,3.624150401895387,-0.12155744679637691,3.4974604852267808,1.0,-1.0,GL
1991-08-31,-0.047143536651927706,3.420226077992306,-0.1849003124088407,3.2825942894205524,-1.0,-1.0,SG
1991-09-30,-0.24618605414874337,3.0669370810544203,-0.24824318191816086,3.067728093570124,-1.0,-1.0,SG
1991-10-31,-0.30508224914600457,2.8163600456296027,-0.3115860516959556,2.85286189771666,-1.0,-1.0,SG
1991-11-30,-0.44947125171830904,2.475982142294721,-0.3749289213898762,2.6379957018750972,-1.0,-1.0,SG
1991-12-31,-0.6278824227006614,2.611468862194664,-0.43827179029403057,2.6007138470348123,-1.0,-1.0,SG
1992-01-31,-0.5291263899423625,2.55805448610561,-0.38828704319334983,2.563431993150902,1.0,-1.0,GL
1992-02-29,-0.3287938630111598,2.3666126616991257,-0.33830229545053503,2.5327658270178315,1.0,-1.0,GL
1992-03-31,-0.09401653288922686,2.4575946027457074,-0.28831754779157415,2.5456810276498523,1.0,1.0,HU
1992-04-30,-0.20726269640070927,2.6881301079935986,-0.23833280375701127,2.5585962282922354,1.0,1.0,HU
1992-05-31,-0.11478068315422209,2.683727579470004,-0.1883483311952172,2.5715114289253793,1.0,1.0,HU
1992-06-30,-0.14491463848768732,2.5847631557880693,-0.2237483000678244,2.584426629494582,-1.0,1.0,SF
1992-07-31,-0.25656504774964667,2.5792359840441574,-0.25914826986059963,2.5973418299561755,-1.0,1.0,SF
1992-08-31,-0.2892111305645009,2.6677509047396915,-0.2945482398053228,2.6102570302132033,-1.0,1.0,SF
1992-09-30,-0.41690597681675573,2.61650546053592,-0.32994820959405036,2.622633064893753,-1.0,1.0,SF
1992-10-31,-0.63338424154228,2.5655592598019594,-0.3653481782421615,2.635009099394425,-1.0,1.0,SF
1992-11-30,-0.32943814022293655,2.744050090607673,-0.32063995551464886,2.647385133843117,1.0,1.0,HU
1992-12-31,-0.17897562142670384,2.6449674371997247,-0.27593173256553816,2.654438601022767,1.0,1.0,HU
1993-01-31,-0.05338905335243739,2.549408453750393,-0.23122350983334003,2.6614920681664422,1.0,1.0,HU
1993-02-28,-0.08823891359839238,2.7278362232141826,-0.18651528790372493,2.668545535289347,1.0,1.0,HU
1993-03-31,-0.10066312627207159,2.723458925680951,-0.1418070663178682,2.675599002287432,1.0,1.0,HU
1993-04-30,-0.23434518780598576,2.582160013057954,-0.09709884468171259,2.6499966952208798,1.0,-1.0,GL
1993-05-31,-0.19332556490160027,2.6672926089539812,-0.05239062187398196,2.6243943880821115,1.0,-1.0,GL
1993-06-30,-0.06515342734347025,2.7075696803044242,0.023180321754317137,2.591945237075093,1.0,-1.0,GL
1993-07-31,0.0365514854151026,2.5687650433920384,0.09875126630745994,2.5594960856466686,1.0,-1.0,GL
1993-08-31,0.2882078498292365,2.4749873170206436,0.17432221096366846,2.5270469342038098,1.0,-1.0,GL
1993-09-30,0.3139039373666381,2.471217155328544,0.249893155137985,2.4945977827590355,1.0,-1.0,GL
1993-10-31,0.4174561622773672,2.4234145689414275,0.3254640953179608,2.4621486313172096,1.0,-1.0,GL
1993-11-30,0.30231036280098955,2.416140511893809,0.40028793659185974,2.4296994798824,1.0,-1.0,GL
1993-12-31,0.5273546988839874,2.411325266998574,0.47511177578050917,2.3972503284561437,1.0,-1.0,GL
1994-01-31,0.7162421745895252,2.4526047970102107,0.5164100956290071,2.3648011770388586,1.0,-1.0,GL
1994-02-28,0.5886457095465537,2.2288672191076127,0.5577083563622374,2.3323520256328876,1.0,-1.0,GL
1994-03-31,0.3892665753504488,2.2691064538009047,0.5990066169037268,2.2999028742886605,1.0,-1.0,GL
1994-04-30,0.47874712235562406,2.3536686178258677,0.6403048777805135,2.2674537230151843,1.0,-1.0,GL
1994-05-31,0.7898269446599254,2.175052339568465,0.6816031391369071,2.2350045717799016,1.0,-1.0,GL
1994-06-30,0.7619626550852635,2.1278744737420814,0.722901400572932,2.2471328796225687,1.0,1.0,HU
1994-07-31,0.7846471023802213,2.256103695456297,0.7641996620345941,2.285412071892369,1.0,1.0,HU
1994-08-31,0.8571996931817575,2.3829936323277847,0.8054979235476092,2.3236912641795415,1.0,1.0,HU
1994-09-30,0.8285763346605104,2.508286940363757,0.8467961851881541,2.361970456468557,1.0,1.0,HU
1994-10-31,0.7399420372437594,2.5486640768188242,0.8880944472082407,2.4002496487536793,1.0,1.0,HU
1994-11-30,0.7998564601157265,2.327633378358731,0.9293927100300726,2.4385288410386052,1.0,1.0,HU
1994-12-31,0.9975393090738817,2.3231892451655844,0.9706909731267137,2.476808033347541,1.0,1.0,HU
1995-01-31,1.1988950684111015,2.3198720931170973,1.0119892360195897,2.651874740014418,1.0,1.0,HU
1995-02-28,1.1469275070030964,3.06809,1.0096014765722892,2.8269414467244025,-1.0,1.0,SF
1995-03-31,1.0184907143844972,3.15191,1.0060179005785939,3.002008153421983,-1.0,1.0,SF
1995-04-30,0.9468722235908643,3.15871,1.0024343239742497,3.158709999830589,-1.0,1.0,SF
1995-05-31,1.0274204242790355,3.1419,0.998850747283545,3.1294956431783754,-1.0,-1.0,SG
1995-06-30,0.9128196565368497,3.06835,0.9952671706958219,3.0275606776616844,-1.0,-1.0,SG
1995-07-31,0.8206163341072349,2.95345,0.9916835946537278,2.925625711957447,-1.0,-1.0,SG
1995-08-31,0.9138763461770011,2.83641,0.988100019776488,2.823690746219943,-1.0,-1.0,SG
1995-09-30,1.0634210356867515,2.69355,0.9845164451392997,2.72175578047102,-1.0,-1.0,SG
1995-10-31,1.0240682708966162,2.57915,0.980932870324397,2.619820814719104,-1.0,-1.0,SG
1995-11-30,1.0602387083085045,2.56243,0.9773492946937575,2.517885848968308,-1.0,-1.0,SG
1995-12-31,1.1006004679034125,2.42848,0.9298031879747007,2.415950883220114,-1.0,-1.0,SG
1996-01-31,0.9822195021639988,2.30697,0.8793390016279754,2.314015917479772,-1.0,-1.0,SG
1996-02-29,0.7107192985986717,2.17844,0.8288748149450557,2.212080951759488,-1.0,-1.0,SG
1996-03-31,0.5502843501969782,2.07068,0.7784106285916726,2.110145986116763,-1.0,-1.0,SG
1996-04-30,0.6779885496173726,2.00643,0.7790381142831853,2.0082110382613356,1.0,-1.0,GL
1996-05-31,0.8091432154993814,1.93399,0.7796656011074758,1.933990000241348,1.0,-1.0,GL
1996-06-30,0.8351926928195221,1.93462,0.7802930880561024,1.95974175057944,1.0,1.0,HU
1996-07-31,0.7499035151160837,1.98386,0.7809205748422466,1.9943654049673707,1.0,1.0,HU
1996-08-31,0.9018408671917088,1.98636,0.7815480611229182,2.0289890594728135,1.0,1.0,HU
1996-09-30,0.8209073779024894,2.0101,0.7691291460475963,2.063612714021251,-1.0,1.0,SF
1996-10-31,0.8078479086651629,2.12509,0.7513453113727491,2.098236368584199,-1.0,1.0,SF
1996-11-30,0.8056154951011906,2.11672,0.7335614750290227,2.1328600231492487,-1.0,1.0,SF
1996-12-31,0.6776455279539434,2.19928,0.7157776383651961,2.167483677709847,-1.0,1.0,SF
1997-01-31,0.6245534367315128,2.27737,0.6979938017964278,2.2021073322513947,-1.0,1.0,SF
1997-02-28,0.568414247548113,2.26108,0.6802099659493057,2.236730986681681,-1.0,1.0,SF
1997-03-31,0.6364470862503931,2.2183,0.6624261333722935,2.23394416758516,-1.0,-1.0,SG
1997-04-30,0.7062228080160771,2.24819,0.6446423021159768,2.23115734801623,-1.0,-1.0,SG
1997-05-31,0.6527858842342145,2.21688,0.6268584713694825,2.2283705257537707,-1.0,-1.0,SG
1997-06-30,0.6085782824807192,2.22508,0.6090746410812943,2.225583703180168,-1.0,-1.0,SG
1997-07-31,0.6092203289243442,2.20625,0.5912908113546665,2.2227968803619027,-1.0,-1.0,SG
1997-08-31,0.538698457901709,2.23681,0.573506982304556,2.2200100573778205,-1.0,-1.0,SG
1997-09-30,0.5694607880292218,2.21888,0.5557231543050121,2.199565268897454,-1.0,-1.0,SG
1997-10-31,0.6027979708769203,2.16697,0.5379393272646568,2.1707969066014576,-1.0,-1.0,SG
1997-11-30,0.30444842999703253,2.18754,0.5201555012932731,2.1420285441369282,-1.0,-1.0,SG
1997-12-31,0.6006420212506992,2.1306,0.6149748853564446,2.1132601815689664,1.0,-1.0,GL
1998-01-31,0.6354930658229171,2.01737,0.7097942698542042,2.084491818973923,1.0,-1.0,GL
1998-02-28,0.940176967230384,2.00038,0.8046136543684934,2.055723456368524,1.0,-1.0,GL
1998-03-31,1.029472657903904,2.01797,0.8994330380529204,2.0269550937533887,1.0,-1.0,GL
1998-04-30,0.8426452182731156,1.99963,0.8982983234337469,1.9981867311197734,-1.0,-1.0,SG
1998-05-31,0.8855349561584497,2.01229,0.8971636068667327,1.9694183684408457,-1.0,-1.0,SG
1998-06-30,0.9223323562952906,1.99702,0.89602888711896,1.9406500055323452,-1.0,-1.0,SG
1998-07-31,0.9550062877969251,1.96014,0.6578950141018828,1.9118816422548472,-1.0,-1.0,SG
1998-08-31,0.26618500229843584,1.89552,0.2604075508313079,1.883113278921989,-1.0,-1.0,SG
1998-09-30,-0.43996863773241796,1.86245,-0.13707991244346973,1.8543449155764713,-1.0,-1.0,SG
1998-10-31,-0.7668670211443172,1.82366,-0.3008183478880917,1.8255765522284477,-1.0,-1.0,SG
1998-11-30,0.1461002733533792,1.76491,-0.22331909295047353,1.7968081888855847,1.0,-1.0,GL
1998-12-31,4.5594454350081075e-05,1.69291,-0.14581983844119636,1.7680398255638894,1.0,-1.0,GL
1999-01-31,-0.11319763478082219,1.72441,-0.06832058589605339,1.7392714625087053,1.0,-1.0,GL
1999-02-28,-0.0860976317747318,1.73539,0.00917866585839447,1.7204655173414285,1.0,-1.0,GL
1999-03-31,0.17759519109539598,1.67201,0.08667791686052179,1.7016595725311507,1.0,-1.0,GL
1999-04-30,0.21691282846824175,1.75946,0.1283114774290245,1.7524718965091102,1.0,1.0,HU
1999-05-31,0.022076685787187952,1.85587,0.16576697828496495,1.8032842206107709,1.0,1.0,HU
1999-06-30,0.256884113956206,1.81671,0.2032224780918144,1.8540965447882254,1.0,1.0,HU
1999-07-31,0.5127744079988256,1.88377,0.24067797316341846,1.9078440024174619,1.0,1.0,HU
1999-08-31,0.2378299428002856,1.97205,0.27813346350139434,1.9913846686293628,1.0,1.0,HU
1999-09-30,0.1521031220583655,2.05036,0.31558895382904706,2.0749253349149615,1.0,1.0,HU
1999-10-31,0.008161574876325559,2.14195,0.35304444523094985,2.1584660012290944,1.0,1.0,HU
1999-11-30,0.48354739823483117,2.19793,0.418109023163528,2.242006667555513,1.0,1.0,HU
1999-12-31,0.5863059748902435,2.36448,0.48317360114336144,2.3255473338863117,1.0,1.0,HU
2000-01-31,0.67158312411145,2.42416,0.5482381785418905,2.4090880002134534,1.0,1.0,HU
2000-02-29,0.6736603974434775,2.4799,0.4439799965409816,2.492628666529233,-1.0,1.0,SF
2000-03-31,0.42639096831733814,2.66346,0.33972180772541316,2.576169332818012,-1.0,1.0,SF
2000-04-30,-0.08256652409157246,2.70357,0.23546361883402978,2.655124209619662,-1.0,1.0,SF
2000-05-31,-0.1880429029665752,2.63082,0.13120543831396944,2.720727894305787,-1.0,1.0,SF
2000-06-30,0.209181264239892,2.82081,0.16130854577447878,2.7863315789467746,1.0,1.0,HU
2000-07-31,0.41671502218633677,2.86741,0.19141165322701248,2.851935263227981,1.0,1.0,HU
2000-08-31,0.4165969139388953,2.84565,0.2215147581320014,2.8626321053364485,1.0,1.0,HU
2000-09-30,0.2053228449049303,2.88182,0.11370080173379575,2.8733289471867987,-1.0,1.0,SF
2000-10-31,-0.15074725097240296,2.84021,0.005886845018962392,2.837057225595431,-1.0,-1.0,SG
2000-11-30,-0.15275688529727924,2.81955,-0.10192711144823666,2.7949390019305196,-1.0,-1.0,SG
2000-12-31,-0.3147536986615635,2.71535,-0.20974106705773118,2.7528207736499803,-1.0,-1.0,SG
2001-01-31,-0.3449002166417467,2.6992,-0.3175550205193615,2.710702545272463,-1.0,-1.0,SG
2001-02-28,-0.14757719645112374,2.71228,-0.42536897330868445,2.668584316765235,-1.0,-1.0,SG
2001-03-31,-0.7393729657696763,2.56396,-0.533182925831013,2.567903181527913,-1.0,-1.0,SG
2001-04-30,-0.8707112609180566,2.40765,-0.5408624586211533,2.4672220461809755,-1.0,-1.0,SG
2001-05-31,-0.44277655211704886,2.40757,-0.548541986251726,2.366540910772188,-1.0,-1.0,SG
2001-06-30,-0.316782204322045,2.28693,-0.5562215140026701,2.260562499441377,-1.0,-1.0,SG
2001-07-31,-0.5248780410691996,2.16186,-0.6334058631958073,2.115893571018813,-1.0,-1.0,SG
2001-08-31,-0.6229217039739315,2.0321,-1.005866060844768,1.9712246425116111,-1.0,-1.0,SG
2001-09-30,-1.8697984368071587,1.85892,-1.3783262590936545,1.8265557139828854,-1.0,-1.0,SG
2001-10-31,-1.8172096761406245,1.66348,-1.6012327004958018,1.6818867854498656,-1.0,-1.0,SG
2001-11-30,-1.464424110394092,1.4387,-1.413245916824461,1.537217856923653,1.0,-1.0,GL
2001-12-31,-1.0723794806725828,1.3506,-1.2252591329971012,1.3925489284440054,1.0,-1.0,GL
2002-01-31,-0.845953189463149,1.24118,-1.0372723497972225,1.2478800006105535,1.0,-1.0,GL
2002-02-28,-1.005965826436152,1.09149,-0.8492862001081298,1.1288438096374303,1.0,-1.0,GL
2002-03-31,-0.5816640687759999,1.11613,-0.6613000515404608,1.148100952393462,1.0,1.0,HU
2002-04-30,-0.7103227388178645,1.2312,-0.7638362151567973,1.167358095216113,-1.0,1.0,SF
2002-05-31,-0.9171206376245234,1.25458,-1.0432557821972788,1.186615238058536,-1.0,1.0,SF
2002-06-30,-1.2186593551916631,1.19307,-1.322675350724309,1.2058723809192513,-1.0,1.0,SF
2002-07-31,-1.8786800474290875,1.17545,-1.6020949193824692,1.2251295238276807,-1.0,1.0,SF
2002-08-31,-1.8125001794334883,1.20948,-1.8815144871721377,1.2684360714695553,-1.0,1.0,SF
2002-09-30,-2.237027850664149,1.26974,-2.1609340539609354,1.3391278571327616,-1.0,1.0,SF
2002-10-31,-2.3600034010365243,1.37353,-2.1046716711108635,1.4098196428369694,1.0,1.0,HU
2002-11-30,-1.7169154750914115,1.53386,-1.9109406568764014,1.4805114285492489,1.0,1.0,HU
2002-12-31,-1.611999306608166,1.58886,-1.7172096425471917,1.5512032142582337,1.0,1.0,HU
2003-01-31,-1.304339505483967,1.63237,-1.5234786282500186,1.6218949999531556,1.0,1.0,HU
2003-02-28,-1.5830989444342067,1.75574,-1.3297476138953102,1.6925867856108066,1.0,1.0,HU
2003-03-31,-1.4295380498209693,1.87591,-1.1360165830846,1.706405589027085,1.0,1.0,HU
2003-04-30,-0.898551378321019,1.78372,-0.9072346817938427,1.7094930001188686,1.0,1.0,HU
2003-05-31,-0.4443297230848172,1.60718,-0.6784527804723559,1.7125804112002518,1.0,1.0,HU
2003-06-30,-0.40435249404412255,1.62577,-0.4496708808337822,1.7156678222890862,1.0,1.0,HU
2003-07-31,-0.24350657391588884,1.66917,-0.3007852227457486,1.7187552334212803,1.0,1.0,HU
2003-08-31,-0.21307910507195416,1.72298,-0.151899640690468,1.7316972589156034,1.0,1.0,HU
2003-09-30,-0.025263077405514534,1.76553,-0.003014059878098348,1.7446393146445198,1.0,1.0,HU
2003-10-31,0.1233190505737016,1.74656,0.14587151980570165,1.7575813707229337,1.0,1.0,HU
2003-11-30,0.34926770538632607,1.78354,0.2947570979186277,1.7835399997374994,1.0,1.0,HU
2003-12-31,0.37197833550503195,1.81194,0.39218466664166474,1.8277450001468998,1.0,1.0,HU
2004-01-31,0.5554180562554182,1.93305,0.48961222926465314,1.901439999972712,1.0,1.0,HU
2004-02-29,0.6178280084512621,1.95933,0.5502032930811904,1.9751349999523167,1.0,1.0,HU
2004-03-31,0.4801302200250904,1.96897,0.6107943555609543,2.074600000056462,1.0,1.0,HU
2004-04-30,0.7901015549298739,2.12131,0.6713854177485177,2.233341000005726,1.0,1.0,HU
2004-05-31,0.6676173867486289,2.4169,0.7319764796278622,2.39208199997586,1.0,1.0,HU
2004-06-30,0.929443819750146,2.6598,0.7925675414603964,2.550822999944524,1.0,1.0,HU
2004-07-31,0.7552725273478624,2.79343,0.8531586033422631,2.709563999885128,1.0,1.0,HU
2004-08-31,0.8264941371304274,2.84793,0.913749665954075,2.7988618790555337,1.0,1.0,HU
2004-09-30,1.0185304166946698,2.82282,1.0160403352199596,2.8761900001205483,1.0,1.0,HU
2004-10-31,0.9879393755351571,2.92001,1.1183318669512423,2.9535181211373223,1.0,1.0,HU
2004-11-30,1.2219093293103853,3.0617,1.2480892505579904,3.0308462421009947,1.0,1.0,HU
2004-12-31,1.3837242711257172,3.13503,1.3778466346247458,3.1081743626722957,1.0,1.0,HU
2005-01-31,1.4909783147814524,3.05418,1.507604018710624,3.0817189012605497,1.0,-1.0,GL
2005-02-28,1.8364993518191983,3.09882,1.6373614024489442,3.055263439716508,1.0,-1.0,GL
2005-03-31,1.8030072416952243,3.05833,1.6808582013016726,3.0288079778734733,1.0,-1.0,GL
2005-04-30,1.590782238616847,3.08928,1.7243549971680412,3.0023525159763076,1.0,-1.0,GL
2005-05-31,1.67185562892844,3.03653,1.7678517927707322,2.975897054060437,1.0,-1.0,GL
2005-06-30,1.753357880189198,2.85746,1.8113485881747116,2.9494415921424957,1.0,-1.0,GL
2005-07-31,1.9839860656027575,2.7537,1.8548453830866516,2.9229861302418243,1.0,-1.0,GL
2005-08-31,2.0236467656704833,2.81054,1.8983419911917594,2.9319694407290826,1.0,1.0,HU
2005-09-30,1.9709294778611925,2.95984,1.9245808178557104,2.9409527512683145,1.0,1.0,HU
2005-10-31,1.7934417394844975,3.05793,1.9508196441074004,2.9499360618128287,1.0,1.0,HU
2005-11-30,1.8556326329110708,3.03279,1.9770584703913927,2.9589193723526765,1.0,1.0,HU
2005-12-31,2.0535070761705314,2.95413,2.00329729672769,2.9679026828845005,1.0,1.0,HU
2006-01-31,1.9585781323568545,2.94462,2.0295361228743793,2.9768859934111664,1.0,1.0,HU
2006-02-28,2.1868808634795935,3.04534,2.0557749485638634,2.985869303934052,1.0,1.0,HU
2006-03-31,2.164760413634183,2.97789,2.05279086999982,2.99485261445211,-1.0,1.0,SF
2006-04-30,2.1154930389528435,2.91876,1.9777751900296572,3.0038359249684405,-1.0,1.0,SF
2006-05-31,1.8904302675684104,2.93595,1.9027595094922611,3.0128192354847747,-1.0,1.0,SF
2006-06-30,1.591370594467179,3.05443,1.8277438291006576,3.021802545997287,-1.0,1.0,SF
2006-07-31,1.6935985250282584,3.13258,1.7527322706324613,3.0307858564884533,-1.0,1.0,SF
2006-08-31,1.6865467211993794,3.11505,1.740925090327709,2.9785321970299066,-1.0,-1.0,SG
2006-09-30,1.7416072605399533,2.9964,1.729117911092723,2.898558000039345,-1.0,-1.0,SG
2006-10-31,1.7113867780761136,2.77852,1.7173107321134744,2.8185838030343975,-1.0,-1.0,SG
2006-11-30,1.738226434892442,2.57914,1.705503553163953,2.738609606034131,-1.0,-1.0,SG
2006-12-31,1.641282431096601,2.6082,1.6936963740377806,2.65863540910703,-1.0,-1.0,SG
2007-01-31,1.7831095374105144,2.66513,1.6818891944935976,2.6339119696710034,-1.0,-1.0,SG
2007-02-28,1.7812196982419894,2.51449,1.6700820113797523,2.6091885303890585,-1.0,-1.0,SG
2007-03-31,1.416689275341025,2.64168,1.5807401797609288,2.610370213487606,-1.0,1.0,SF
2007-04-30,1.5593846637333042,2.63669,1.491398347318917,2.611551896613869,-1.0,1.0,SF
2007-05-31,1.4114159316328412,2.65298,1.4020565058467087,2.612733579754879,-1.0,1.0,SF
2007-06-30,1.3142049511055571,2.62993,1.1797181741580514,2.6139152629071494,-1.0,1.0,SF
2007-07-31,1.0444207139337545,2.65146,0.9207037888493366,2.6150969460732707,-1.0,1.0,SF
2007-08-31,0.25228138602009814,2.5746,0.6616894030934893,2.616278629260518,-1.0,1.0,SF
2007-09-30,0.31239316025034153,2.50459,0.40267501753180635,2.6174603125300546,-1.0,1.0,SF
2007-10-31,0.5055836728029647,2.62156,0.1436606318565814,2.6648181508271893,-1.0,1.0,SF
2007-11-30,-0.27866764929254767,2.7965,-0.2002058302995824,2.7121759891513935,-1.0,1.0,SF
2007-12-31,-0.350376318629399,2.85446,-0.5440722930213059,2.759533827481215,-1.0,1.0,SF
2008-01-31,-0.9474435261864581,2.8603,-0.887938756070252,2.806891665813351,-1.0,1.0,SF
2008-02-29,-1.3822206787518385,2.83966,-1.2318052189045927,2.8542495041514924,-1.0,1.0,SF
2008-03-31,-1.8754582844586367,2.82075,-1.5756716782273181,2.9016073425108093,-1.0,1.0,SF
2008-04-30,-1.5727816874286842,2.86237,-1.532802711522721,2.9489651812144997,1.0,1.0,HU
2008-05-31,-1.187868360707786,2.93578,-1.4899337447691778,3.016427586325718,1.0,1.0,HU
2008-06-30,-1.4351153850246237,3.06496,-1.44706478729035,3.0838899914660574,1.0,1.0,HU
2008-07-31,-1.5201461264918936,3.17197,-1.520146125886914,3.1513523966103607,-1.0,1.0,SF
2008-08-31,-1.7119307105298813,3.343,-1.7119307112245707,3.218814801746462,-1.0,1.0,SF
2008-09-30,-2.790529405089008,3.31826,-3.3905294047789316,3.2862772068002015,-1.0,1.0,SF
2008-10-31,-6.219890706611295,3.15608,-5.619890706848589,2.994730000047209,-1.0,-1.0,SG
2008-11-30,-6.9195410740563394,2.69048,-6.752283793494737,2.5914650000208583,-1.0,-1.0,SG
2008-12-31,-6.612792268717774,2.10612,-6.4694172940444785,2.1881999999835506,1.0,-1.0,GL
2009-01-31,-5.804878543942587,1.60665,-6.186550794358918,1.7849349999553017,1.0,-1.0,GL
2009-02-28,-5.567874755215922,1.39538,-5.903684295177339,1.417301073077122,1.0,-1.0,GL
2009-03-31,-6.027667325941714,1.09437,-5.620817796205415,1.0761669999338939,1.0,-1.0,GL
2009-04-30,-5.594238980788166,0.76439,-5.320048834781833,0.7350329269232514,1.0,-1.0,GL
2009-05-31,-4.620770946440899,0.36826,-4.57060562632307,0.3938988540449057,1.0,-1.0,GL
2009-06-30,-3.498261355244678,0.03311,-3.8211624178245307,0.053850121697243056,1.0,-1.0,GL
2009-07-31,-3.0702658758982446,-0.19783,-3.071720273865375,-0.23930995136251895,1.0,-1.0,GL
2009-08-31,-2.4778486992648365,-0.55321,-2.509746871098961,-0.5324700243085406,1.0,-1.0,GL
2009-09-30,-2.3056932407532327,-0.63721,-2.3680191891914233,-0.6372099999864135,1.0,-1.0,GL
2009-10-31,-2.2628590099948216,-0.64839,-2.226291510034445,-0.4916480000372767,1.0,1.0,HU
2009-11-30,-2.2435440775010203,-0.30544,-2.0845638313854726,-0.20936600001253525,1.0,1.0,HU
2009-12-31,-1.9239678107923388,0.13529,-1.942836152996211,0.07291600002388293,1.0,1.0,HU
2010-01-31,-1.6264171089076986,0.54564,-1.8011084754621105,0.35519800005243973,1.0,1.0,HU
2010-02-28,-1.8791690549384275,0.61209,-1.6946968874019448,0.5970749999227567,1.0,1.0,HU
2010-03-31,-1.4960492154145084,0.71151,-1.588285300145318,0.7415400000451356,1.0,1.0,HU
2010-04-30,-1.2916534747595583,0.90102,-1.7065402372296057,0.8860050000035937,-1.0,1.0,SF
2010-05-31,-2.274561962800774,1.08511,-2.044788437385102,0.9914596655195945,-1.0,1.0,SF
2010-06-30,-2.5860378263010073,1.12973,-2.3830366373042238,1.0494889399162437,-1.0,1.0,SF
2010-07-31,-2.2859567706852144,1.04169,-2.2788257954619726,1.1075182142890865,1.0,1.0,HU
2010-08-31,-2.1462141861194612,1.15646,-2.1746149423625005,1.1655474886600343,1.0,1.0,HU
2010-09-30,-2.039080056560082,1.17984,-2.0704040852444683,1.2235767630361767,1.0,1.0,HU
2010-10-31,-2.0834564612773447,1.29347,-1.9661932223863703,1.2816060374295155,1.0,1.0,HU
2010-11-30,-2.0739661593962855,1.27561,-1.8619819353976117,1.3396353118604354,1.0,1.0,HU
2010-12-31,-1.6739254890835904,1.34871,-1.75777064715876,1.3976645903830085,1.0,1.0,HU
2011-01-31,-1.4502482846013462,1.43978,-1.6535593590394941,1.531813421139152,1.0,1.0,HU
2011-02-28,-1.433099366418754,1.62852,-1.5493480750549893,1.6659622519468182,1.0,1.0,HU
2011-03-31,-1.7226185060514492,1.84218,-1.504892944833828,1.8001110827627738,1.0,1.0,HU
2011-04-30,-1.3515767020529121,1.99165,-1.4604378153134898,1.9342599135748573,1.0,1.0,HU
2011-05-31,-1.4185278795156784,2.11262,-1.4185289919499755,2.068408744366578,1.0,1.0,HU
2011-06-30,-1.650202696402985,2.23424,-1.6691255316396179,2.202557575077501,-1.0,1.0,SF
2011-07-31,-1.616216027517642,2.30226,-2.039992877704544,2.295013428579965,-1.0,1.0,SF
2011-08-31,-2.7151824370647852,2.34472,-2.41086022870784,2.3592131429581866,-1.0,1.0,SF
2011-09-30,-2.9201050592849267,2.43645,-2.7817275792945115,2.42341285700127,-1.0,1.0,SF
2011-10-31,-2.6716128441283558,2.40846,-2.5821528942064593,2.420041142964241,1.0,-1.0,GL
2011-11-30,-2.4487304441188895,2.42246,-2.3481251331685966,2.4166694285015335,1.0,-1.0,GL
2011-12-31,-2.140166731409278,2.3641,-2.1140973713040028,2.364099999598464,1.0,-1.0,GL
2012-01-31,-1.7682751435079165,2.28832,-1.8800696093998681,2.2787843478254035,1.0,-1.0,GL
2012-02-29,-1.5417016908471066,2.22223,-1.6460418481569863,2.1882698529968585,1.0,-1.0,GL
2012-03-31,-1.3225725753632207,2.15362,-1.5178365983719888,2.0977553574838916,1.0,-1.0,GL
2012-04-30,-1.420118941379768,2.06264,-1.5377828060036651,2.0072408619159763,-1.0,-1.0,SG
2012-05-31,-1.778848812558268,1.94089,-1.5577290138560744,1.9167263663354273,-1.0,-1.0,SG
2012-06-30,-1.7993562287634004,1.74358,-1.5776752209400655,1.8262118707550927,-1.0,-1.0,SG
2012-07-31,-1.5166760521024292,1.65704,-1.4456732542071011,1.735697375192415,1.0,-1.0,GL
2012-08-31,-1.2659311124711776,1.56183,-1.3136712870191984,1.6451828797482768,1.0,-1.0,GL
2012-09-30,-1.1446495971735895,1.61814,-1.1816693198964718,1.6271485140631636,1.0,-1.0,GL
2012-10-31,-0.8629851331034311,1.65248,-1.0496673533979257,1.609114148416564,1.0,-1.0,GL
2012-11-30,-1.0078659235173368,1.61541,-0.9792858534045036,1.5910797827842464,1.0,-1.0,GL
2012-12-31,-1.0634434122381886,1.60854,-0.9089043544316958,1.573045417162114,1.0,-1.0,GL
2013-01-31,-0.7259701322540711,1.57363,-0.8385228560403356,1.555011051549496,1.0,-1.0,GL
2013-02-28,-0.7898108060561583,1.54107,-0.789810859328864,1.5369766859502951,1.0,-1.0,GL
2013-03-31,-0.6881152260665514,1.51765,-0.7718152791332376,1.5189423203752768,1.0,-1.0,GL
2013-04-30,-0.689190517951869,1.45326,-0.7615417893400367,1.5009079548599242,1.0,-1.0,GL
2013-05-31,-0.6045584950128778,1.40522,-0.7512683004517726,1.4828736006285919,1.0,-1.0,GL
2013-06-30,-0.9951906157209851,1.4949,-0.7409948116688561,1.504275487634916,1.0,1.0,HU
2013-07-31,-0.7806881341505164,1.58335,-0.7307213212002134,1.5256773746680656,1.0,1.0,HU
2013-08-31,-0.7087230046750436,1.63869,-0.720447794808392,1.547079261710537,1.0,1.0,HU
2013-09-30,-0.7540975023308392,1.57206,-0.7101742494403054,1.5684811487595758,1.0,1.0,HU
2013-10-31,-0.6785128198757636,1.57119,-0.6339453883443947,1.5898830358230285,1.0,1.0,HU
2013-11-30,-0.5212653036451658,1.56731,-0.5577165256235916,1.6112849229250075,1.0,1.0,HU
2013-12-31,-0.4609651910733491,1.60535,-0.4814876624330307,1.6326868106418297,1.0,1.0,HU
2014-01-31,-0.354375406222089,1.68534,-0.40525879894012357,1.6736876184425578,1.0,1.0,HU
2014-02-28,-0.46830907886863743,1.69922,-0.3290299351910413,1.714688426334323,1.0,1.0,HU
2014-03-31,-0.3226656441892753,1.66623,-0.2528010710766082,1.7556892342915238,1.0,1.0,HU
2014-04-30,-0.1377423117278729,1.74215,-0.17657220688492534,1.7966900422863656,1.0,1.0,HU
2014-05-31,0.014935371385498816,1.84356,-0.10034334302501004,1.8376908502901284,1.0,1.0,HU
2014-06-30,0.010596939272668734,1.96673,-0.02411448225057725,1.8786916582909787,1.0,1.0,HU
2014-07-31,0.007548475813998687,1.9782,-0.06877733303897225,1.9196924662674761,-1.0,1.0,SF
2014-08-31,-0.05968146284746152,1.97803,-0.11344019479489768,1.9606932740962688,-1.0,1.0,SF
2014-09-30,-0.07839245740731422,1.97702,-0.15810305730395532,1.9770199983741272,-1.0,1.0,SF
2014-10-31,-0.39703546978501675,1.96024,-0.20276591993552076,1.9301668353939458,-1.0,-1.0,SG
2014-11-30,-0.16155605423660588,1.97203,-0.24742878216936134,1.8771516322589372,-1.0,-1.0,SG
2014-12-31,-0.39218184591194766,1.88636,-0.2920916438272406,1.8241364290375615,-1.0,-1.0,SG
2015-01-31,-0.5344945707128633,1.74913,-0.3367544895605642,1.771121225805041,-1.0,-1.0,SG
2015-02-28,-0.3876487795473698,1.60547,-0.3466794928058664,1.7181060225756286,-1.0,-1.0,SG
2015-03-31,-0.2653356141661493,1.65227,-0.3566044958069201,1.6650908193742457,-1.0,-1.0,SG
2015-04-30,-0.2778958139571168,1.57269,-0.36652949905879467,1.6120756162581213,-1.0,-1.0,SG
2015-05-31,-0.3283218906213486,1.55872,-0.3764545040895698,1.5590614210263827,-1.0,-1.0,SG
2015-06-30,-0.3635781896902252,1.4982,-0.4167663907742083,1.5247117508042765,-1.0,-1.0,SG
2015-07-31,-0.3142925510841991,1.54712,-0.6170286901014735,1.5127399998767577,-1.0,-1.0,SG
2015-08-31,-0.9823278661939043,1.50851,-0.817290990953291,1.5007682490420053,-1.0,-1.0,SG
2015-09-30,-1.371613125110882,1.47622,-1.017553291579798,1.4887964983596578,-1.0,-1.0,SG
2015-10-31,-1.0251558246024515,1.43471,-1.057724363487446,1.4768247506916239,-1.0,-1.0,SG
2015-11-30,-0.9156181840187649,1.46946,-1.0978954350467656,1.4819438641496787,-1.0,1.0,SF
2015-12-31,-0.949498438258682,1.50097,-1.1380665065678572,1.4870629776533963,-1.0,1.0,SF
2016-01-31,-1.416617767922734,1.51195,-1.1782375779378325,1.492182091176342,-1.0,1.0,SF
2016-02-29,-1.5736376654916768,1.56023,-1.2184077248197922,1.4973012047113055,-1.0,1.0,SF
2016-03-31,-0.8555243045297675,1.4401,-0.9829526025549453,1.5024203182560099,1.0,1.0,HU
2016-04-30,-0.5422481446832226,1.50164,-0.7474974803876769,1.507539431817714,1.0,1.0,HU
2016-05-31,-0.42500122788686423,1.55329,-0.51204236305934,1.5126585453936143,1.0,1.0,HU
2016-06-30,-0.4775660703902426,1.57135,-0.3448658191030981,1.5177776589807517,1.0,1.0,HU
2016-07-31,-0.034007628723571895,1.50502,-0.17768927629762288,1.5228967725823248,1.0,1.0,HU
2016-08-31,0.05336052209614338,1.47487,-0.0963913719794742,1.528015886226018,1.0,1.0,HU
2016-09-30,-0.09995664721633231,1.52028,-0.01509346868527538,1.5544112978581022,1.0,1.0,HU
2016-10-31,-0.014610121998809913,1.62882,0.06620443461263203,1.6415025191056705,1.0,1.0,HU
2016-11-30,-0.11744241080514377,1.64553,0.1475023382837044,1.7285937404267386,1.0,1.0,HU
2016-12-31,0.21811153509409417,1.75323,0.22880024276157687,1.8156849617771549,1.0,1.0,HU
2017-01-31,0.4340519208505634,1.94163,0.3100981472618659,1.9027761831338459,1.0,1.0,HU
2017-02-28,0.5317922311495792,2.09998,0.39139605099221164,1.9898674044835236,1.0,1.0,HU
2017-03-31,0.4884331641997033,2.22998,0.465800718454558,2.0769586257763564,1.0,1.0,HU
2017-04-30,0.47328825661031165,2.19491,0.540205384209817,2.119556129817408,1.0,1.0,HU
2017-05-31,0.5663848768648868,2.15009,0.6146100494574023,2.162153633838493,1.0,1.0,HU
2017-06-30,0.6450757652948064,2.14857,0.6890147142330402,2.204751137859016,1.0,1.0,HU
2017-07-31,0.9229806825919595,2.14621,0.7634193781719706,2.2473486418937023,1.0,1.0,HU
2017-08-31,0.7253334131615302,2.24235,0.8254931681806899,2.2899461460081927,1.0,1.0,HU
2017-09-30,0.8934778968099822,2.33208,0.8875669571488619,2.341422176479455,1.0,1.0,HU
2017-10-31,0.9453594125283389,2.422,0.9496407443499125,2.392898207009268,1.0,1.0,HU
2017-11-30,1.0370099983769394,2.47646,1.011714528205642,2.4443742375655235,1.0,1.0,HU
2017-12-31,1.0997402807044578,2.48989,0.9709797284385201,2.4958502681437906,-1.0,1.0,SF
2018-01-31,1.1401699666352745,2.50564,0.8984175724126071,2.5473262987523775,-1.0,1.0,SF
2018-02-28,0.5560689620764402,2.56966,0.8258554159094478,2.5988023294001823,-1.0,1.0,SF
2018-03-31,0.5901332090861544,2.59645,0.7532932600848483,2.6502783600710194,-1.0,1.0,SF
2018-04-30,0.6504380278163183,2.69704,0.7862462767530747,2.7017543907530497,1.0,1.0,HU
2018-05-31,0.871491753841568,2.76508,0.8191992946981016,2.7532304214370056,1.0,1.0,HU
2018-06-30,0.8681728211231238,2.82167,0.852152312723813,2.804706452115655,1.0,1.0,HU
2018-07-31,0.951587716365416,2.89792,0.8851053305105755,2.856182482777209,1.0,1.0,HU
2018-08-31,1.0203680345854538,2.95031,0.9180583471012655,2.9076585133719517,1.0,1.0,HU
2018-09-30,0.9128403079540616,2.96929,0.7078640970081054,2.959134535965879,-1.0,1.0,SF
2018-10-31,0.46095779951069527,2.918,0.4976698450015472,2.9338018084981545,-1.0,-1.0,SG
2018-11-30,0.1905181093016256,2.91637,0.2874755929720235,2.9084690808258427,-1.0,-1.0,SG
2018-12-31,-0.21487277215861048,2.88545,0.07728134155916351,2.8621870151734283,-1.0,-1.0,SG
2019-01-31,0.08357023447192981,2.794,0.1858032623723558,2.8135140073824974,1.0,-1.0,GL
2019-02-28,0.44474762549289265,2.73408,0.29432518341850067,2.7648409994702283,1.0,-1.0,GL
2019-03-31,0.5366380913884699,2.74318,0.40284710394001627,2.7161679914756083,1.0,-1.0,GL
2019-04-30,0.78155152820657,2.69309,0.5098600452015314,2.6558070913675405,1.0,-1.0,GL
2019-05-31,0.4772119021484692,2.64312,0.5675787830893979,2.5907568489450865,1.0,-1.0,GL
2019-06-30,0.46541638041907724,2.52018,0.6252975209316881,2.5257066064567333,1.0,-1.0,GL
2019-07-31,0.7871284067441497,2.44937,0.6830162592242983,2.460656363953459,1.0,-1.0,GL
2019-08-31,0.45211538516250716,2.38674,0.7407349981569691,2.395606121444798,1.0,-1.0,GL
2019-09-30,0.8445319582056967,2.2355,0.8029842591528141,2.3305558789356873,1.0,-1.0,GL
2019-10-31,0.7701866405217268,2.20064,0.8652335205185093,2.2655056364302766,1.0,-1.0,GL
2019-11-30,1.0452046647661375,2.16883,0.9274827819075123,2.2004553939263873,1.0,-1.0,GL
2019-12-31,1.0885771386935439,2.16976,0.9897320426104858,2.1354051514175745,1.0,-1.0,GL
2020-01-31,0.9653423892856385,2.16358,0.965342388346826,2.070354908884678,-1.0,-1.0,SG
2020-02-29,0.6469207954970894,2.05354,0.08664080970081016,1.9966159998021946,-1.0,-1.0,SG
2020-03-31,-3.1114475566595856,1.96887,-2.035393131320251,1.7754599998961942,-1.0,-1.0,SG
2020-04-30,-3.08615817730216,1.51088,-4.157427070418548,1.5543039999459258,-1.0,-1.0,SG
2020-05-31,-7.1818230077896565,1.21207,-6.2794610112808895,1.3331479999961122,-1.0,-1.0,SG
2020-06-30,-4.2617743861946344,1.02616,-4.355509472208672,1.1119920000737646,1.0,-1.0,GL
2020-07-31,-2.178425476195356,1.01983,-2.431557933252771,1.0813933333405181,1.0,-1.0,GL
2020-08-31,-1.3687207780213466,1.06428,-1.673086100972454,1.119389333304768,1.0,1.0,HU
2020-09-30,-1.4311071995544993,1.23716,-1.323619402284687,1.1573853333084314,1.0,1.0,HU
2020-10-31,-1.2400717583568277,1.19762,-0.9741527035582689,1.1953813333208891,1.0,1.0,HU
2020-11-30,-0.6878457953086731,1.21783,-0.6246860041362293,1.2333773333389213,1.0,1.0,HU
2020-12-31,-0.1430179842567705,1.32158,-0.2752193044083105,1.271373333360115,1.0,1.0,HU
