,Q1,Q2,Q3,Q4,Q5,LO,Q1_Q5
1985-01-01,-0.008433333333333333,-0.034999999999999996,0.0030999999999999986,-0.034999999999999996,-0.043199999999999995,-0.008433333333333333,0.03476666666666666
1985-02-01,0.010633333333333333,0.007766666666666666,0.004266666666666668,-0.0013999999999999996,0.0018333333333333335,0.010633333333333333,0.008799999999999999
1985-03-01,0.003233333333333333,0.012766666666666667,0.012766666666666667,0.016066666666666667,0.011466666666666667,0.012766666666666667,-0.008233333333333334
1985-04-01,0.0106,0.012966666666666668,0.012966666666666668,0.016633333333333333,0.010766666666666667,0.012966666666666668,-0.0001666666666666674
1985-05-01,0.014133333333333336,0.009366666666666667,0.012633333333333335,-0.003900000000000002,-0.003900000000000002,0.009366666666666667,0.01803333333333334
1985-06-01,0.009833333333333333,0.013233333333333333,0.009833333333333333,-0.0007333333333333324,-0.011266666666666666,0.009833333333333333,0.0211
1985-07-01,-0.006516666666666667,0.0001166666666666677,-0.006516666666666667,-0.012416666666666668,0.009383333333333334,-0.006516666666666667,-0.0159
1985-08-01,0.0011833333333333331,0.010983333333333331,0.007616666666666665,0.012516666666666667,0.005616666666666666,0.007616666666666665,-0.0044333333333333325
1985-09-01,-0.006666666666666667,-0.0013999999999999996,-0.0054333333333333326,0.0099,0.016033333333333333,-0.0013999999999999996,-0.0227
1985-10-01,0.01685,0.013316666666666666,0.013316666666666666,-0.00295,0.0019499999999999993,0.013316666666666666,0.014900000000000002
1985-11-01,0.019066666666666666,0.0015333333333333338,0.0004666666666666669,-0.020000000000000004,-0.019233333333333335,0.0015333333333333338,0.0383
1985-12-01,0.007516666666666667,0.0016166666666666662,0.0016166666666666662,-0.01315,-0.0015833333333333333,0.0016166666666666662,0.0091
1986-01-01,0.008350000000000002,0.006816666666666668,0.0017166666666666667,0.006183333333333333,0.008350000000000002,0.0017166666666666667,0.0
1986-02-01,0.0203,0.0138,0.0138,-0.013866666666666666,-0.013866666666666666,0.0138,0.034166666666666665
1986-03-01,0.012866666666666667,0.013466666666666668,0.013466666666666668,0.010133333333333334,-0.006233333333333334,0.013466666666666668,0.0191
1986-04-01,-0.007416666666666669,-0.007716666666666666,0.0019499999999999997,0.011316666666666664,-0.00345,0.0019499999999999997,-0.003966666666666669
1986-05-01,0.014049999999999998,0.014049999999999998,0.014049999999999998,0.00715,-0.015150000000000002,0.014049999999999998,0.0292
1986-06-01,0.008850000000000002,0.012250000000000002,0.01501666666666667,0.008850000000000002,0.0053166666666666675,0.01501666666666667,0.0035333333333333345
1986-07-01,-0.003416666666666665,-0.023483333333333332,-0.005249999999999998,-0.003416666666666665,0.018016666666666667,-0.005249999999999998,-0.021433333333333332
1986-08-01,0.0028500000000000005,-0.008216666666666666,0.0028500000000000005,0.008550000000000002,-0.011683333333333332,0.0028500000000000005,0.014533333333333332
1986-09-01,-0.009,-0.03213333333333333,-0.009,0.012633333333333335,0.020200000000000006,-0.009,-0.029200000000000004
1986-10-01,0.010549999999999999,0.007183333333333333,0.010549999999999999,0.003016666666666669,-0.004883333333333332,0.010549999999999999,0.01543333333333333
1986-11-01,0.0011499999999999995,-0.0011833333333333338,0.0011499999999999995,0.0034833333333333335,-0.0059833333333333336,0.0011499999999999995,0.0071333333333333335
1986-12-01,-0.002166666666666666,-0.002466666666666667,-0.005066666666666666,0.008066666666666666,0.0058,-0.002166666666666666,-0.007966666666666665
1987-01-01,0.014699999999999998,0.014699999999999998,0.01413333333333333,-0.021400000000000002,-0.02733333333333333,0.014699999999999998,0.042033333333333325
1987-02-01,-0.00615,-0.012216666666666669,-0.00615,-0.02928333333333334,-0.018083333333333333,-0.00615,0.011933333333333334
1987-03-01,0.004000000000000001,0.012466666666666668,0.017900000000000003,0.007066666666666666,0.008033333333333332,0.017900000000000003,-0.004033333333333331
1987-04-01,-0.002716666666666666,-0.005316666666666667,-0.005316666666666667,0.0033833333333333332,0.00865,-0.005316666666666667,-0.011366666666666666
1987-05-01,-0.0034999999999999996,0.001,0.001,-0.0006333333333333333,0.0034999999999999996,0.001,-0.006999999999999999
1987-06-01,0.0015666666666666676,-0.007700000000000001,0.0037000000000000006,0.0037000000000000006,-0.0023000000000000013,0.008900000000000002,0.003866666666666669
1987-07-01,0.003616666666666665,-0.0007833333333333333,0.001383333333333333,0.014183333333333333,0.00495,0.012016666666666667,-0.0013333333333333352
1987-08-01,-0.009833333333333335,0.007066666666666666,-0.009833333333333335,-0.005133333333333333,-0.013499999999999998,0.0019000000000000004,0.0036666666666666636
1987-09-01,-0.0002166666666666671,-0.0002166666666666671,0.00145,0.002716666666666667,4.999999999999999e-05,-0.0002166666666666671,-0.00026666666666666706
1987-10-01,0.05343333333333333,-0.050233333333333345,-0.07163333333333334,0.019433333333333337,0.019433333333333337,-0.050233333333333345,0.033999999999999996
1987-11-01,0.008099999999999998,-0.000866666666666667,0.009300000000000003,-0.0073,0.01976666666666667,-0.0073,-0.01166666666666667
1987-12-01,0.02963333333333333,-0.018266666666666667,0.014899999999999998,0.014899999999999998,-0.03783333333333333,0.014899999999999998,0.06746666666666666
1988-01-01,-0.012866666666666665,0.028066666666666667,-0.008599999999999998,0.003566666666666667,0.03203333333333333,0.003566666666666667,-0.044899999999999995
1988-02-01,0.016200000000000003,-0.004799999999999999,0.011099999999999999,-0.020833333333333332,0.010899999999999998,0.011099999999999999,0.005300000000000004
1988-03-01,0.002650000000000001,0.019749999999999997,0.01145,0.019749999999999997,-0.008150000000000001,0.01145,0.010800000000000002
1988-04-01,0.0005833333333333338,0.010083333333333333,0.006916666666666667,0.012250000000000002,0.012250000000000002,0.01195,-0.011666666666666669
1988-05-01,-0.0094,0.0006333333333333331,0.0006333333333333331,0.0022999999999999995,0.008499999999999999,-0.00026666666666666706,-0.0179
1988-06-01,0.012533333333333336,0.0008000000000000016,-0.022033333333333335,-0.004266666666666666,-0.011166666666666667,0.0008000000000000016,0.023700000000000002
1988-07-01,-0.0010166666666666668,0.004083333333333334,0.00825,0.009883333333333334,0.0063166666666666675,0.004083333333333334,-0.007333333333333334
1988-08-01,-0.005549999999999999,-0.005549999999999999,0.010983333333333333,0.013816666666666666,0.0028500000000000005,-4.999999999999897e-05,-0.0084
1988-09-01,0.0044666666666666665,0.010899999999999998,-0.0014000000000000009,-0.007833333333333333,-0.0014000000000000009,0.0044666666666666665,0.005866666666666668
1988-10-01,0.006499999999999999,0.013099999999999999,0.0026333333333333326,-0.002,0.0018666666666666664,0.006499999999999999,0.004633333333333332
1988-11-01,0.012499999999999999,-0.0015333333333333351,-0.0015333333333333351,0.006033333333333334,-0.0009333333333333352,-0.0015333333333333351,0.013433333333333334
1988-12-01,-0.002783333333333334,-0.00125,0.003683333333333333,-0.007716666666666667,0.00035000000000000027,0.003683333333333333,-0.0031333333333333343
1989-01-01,0.005499999999999998,-0.0147,0.00873333333333333,-0.0092,0.009566666666666666,0.005499999999999998,-0.004066666666666668
1989-02-01,0.0042499999999999994,0.013249999999999998,0.008616666666666667,0.013249999999999998,0.008616666666666667,0.005816666666666667,-0.004366666666666667
1989-03-01,0.0062499999999999995,0.006216666666666666,-0.00775,0.011450000000000002,0.011483333333333333,0.011450000000000002,-0.005233333333333334
1989-04-01,0.0068000000000000005,-0.005199999999999999,0.009300000000000001,0.0068000000000000005,-0.001333333333333334,0.0068000000000000005,0.008133333333333334
1989-05-01,-0.005883333333333333,0.006549999999999998,0.007416666666666665,0.006549999999999998,0.005049999999999998,0.006549999999999998,-0.010933333333333331
1989-06-01,0.00315,0.00315,-0.005816666666666667,0.007583333333333333,0.0027166666666666663,0.00315,0.00043333333333333375
1989-07-01,-0.012133333333333335,0.0118,0.027366666666666664,-0.012133333333333335,0.004966666666666668,0.0118,-0.017100000000000004
1989-08-01,-0.0033833333333333332,0.002983333333333333,0.002949999999999999,-0.0017833333333333336,0.0017833333333333336,0.002983333333333333,-0.005166666666666667
1989-09-01,0.0075,0.006533333333333333,0.006533333333333333,0.0075,-0.0098,0.006533333333333333,0.0173
1989-10-01,0.011850000000000001,-0.007083333333333335,-0.01131666666666667,0.011850000000000001,-0.016083333333333335,-0.01131666666666667,0.027933333333333338
1989-11-01,0.003316666666666667,0.0024833333333333335,0.003316666666666667,0.006516666666666667,0.005783333333333334,0.003316666666666667,-0.002466666666666667
1989-12-01,0.005133333333333334,0.012733333333333333,0.005133333333333334,0.009033333333333332,0.001433333333333334,0.005133333333333334,0.0037
1990-01-01,-0.018133333333333335,-0.018133333333333335,-0.018133333333333335,-0.010366666666666666,0.0116,-0.018133333333333335,-0.029733333333333334
1990-02-01,0.002916666666666667,0.0011166666666666668,0.002916666666666667,-0.004483333333333333,0.0030500000000000006,0.002916666666666667,-0.00013333333333333383
1990-03-01,0.018283333333333332,0.0072499999999999995,0.005483333333333334,-0.01255,-0.0072499999999999995,0.005483333333333334,0.02553333333333333
1990-04-01,-0.002033333333333333,-0.005366666666666668,-0.005366666666666668,-0.010133333333333333,0.0010666666666666654,-0.005366666666666668,-0.0030999999999999986
1990-05-01,0.027283333333333337,-0.0015833333333333365,0.008883333333333332,-0.016816666666666664,-0.024849999999999997,0.008883333333333332,0.05213333333333334
1990-06-01,0.002483333333333334,-0.0011166666666666658,-0.0011166666666666658,-0.0021833333333333327,0.005816666666666667,-0.0011166666666666658,-0.003333333333333333
1990-07-01,0.006533333333333335,0.006733333333333332,0.006733333333333332,0.0239,0.0070666666666666655,0.006733333333333332,-0.000533333333333331
1990-08-01,-0.01313333333333333,-0.01313333333333333,-0.01313333333333333,0.020633333333333333,0.001100000000000001,-0.01313333333333333,-0.01423333333333333
1990-09-01,-0.0017666666666666688,0.00019999999999999996,0.0126,0.012499999999999999,-0.01893333333333333,0.00019999999999999996,0.01716666666666666
1990-10-01,0.004350000000000001,0.004616666666666666,0.010916666666666667,-0.0059499999999999996,-0.011483333333333333,0.004616666666666666,0.015833333333333335
1990-11-01,-0.010150000000000001,-0.010150000000000001,-0.0002499999999999991,-0.012083333333333335,-0.03331666666666667,-0.010150000000000001,0.02316666666666667
1990-12-01,-0.0042,0.009300000000000001,0.004066666666666667,0.004066666666666667,-0.015066666666666666,0.004066666666666667,0.010866666666666667
1991-01-01,-0.01643333333333333,-0.0035333333333333328,-0.0035333333333333328,-0.0035333333333333328,-0.036533333333333334,-0.0035333333333333328,0.020100000000000003
1991-02-01,-0.004616666666666667,0.008783333333333329,0.008783333333333329,0.010849999999999993,-0.02845,0.008783333333333329,0.02383333333333333
1991-03-01,0.010633333333333333,0.010633333333333333,0.010633333333333333,0.018266666666666664,-0.009233333333333331,0.010633333333333333,0.019866666666666664
1991-04-01,0.0011833333333333338,-0.00105,0.0021500000000000004,-0.003783333333333333,-0.0012499999999999994,0.0011833333333333338,0.0024333333333333334
1991-05-01,0.004833333333333332,0.004833333333333332,0.005133333333333333,0.004833333333333332,-0.014733333333333333,0.004833333333333332,0.019566666666666663
1991-06-01,-0.0011833333333333342,-0.0011833333333333342,-0.0011833333333333342,-0.0011833333333333342,0.008450000000000001,-0.0011833333333333342,-0.009633333333333336
1991-07-01,0.0106,0.005266666666666666,0.0106,0.0106,-0.005533333333333332,0.0106,0.016133333333333333
1991-08-01,0.008433333333333333,0.008433333333333333,0.003166666666666665,0.008433333333333333,-0.006866666666666666,0.008433333333333333,0.015299999999999998
1991-09-01,-0.002166666666666667,-0.002166666666666667,0.0019333333333333338,-0.002166666666666667,0.003766666666666667,-0.002166666666666667,-0.005933333333333334
1991-10-01,0.004900000000000001,0.004900000000000001,0.006333333333333333,0.004900000000000001,0.0032666666666666673,0.004900000000000001,0.0016333333333333334
1991-11-01,-0.007816666666666668,-0.007816666666666668,-0.001916666666666667,-0.007816666666666668,0.00545,-0.007816666666666668,-0.013266666666666668
1991-12-01,0.021733333333333327,0.021733333333333327,-0.006433333333333335,0.021733333333333327,-0.018666666666666668,0.021733333333333327,0.04039999999999999
1992-01-01,0.021416666666666664,0.021416666666666664,0.021416666666666664,0.031716666666666664,-0.0033499999999999992,0.021416666666666664,0.024766666666666663
1992-02-01,0.01753333333333333,0.01753333333333333,0.013199999999999998,0.013900000000000001,0.00933333333333333,0.01753333333333333,0.0082
1992-03-01,0.002483333333333333,-0.00915,0.011349999999999999,0.01205,0.014516666666666666,0.002483333333333333,-0.012033333333333333
1992-04-01,-0.006000000000000001,0.002,0.002,0.006866666666666667,0.012033333333333335,0.002,-0.018033333333333335
1992-05-01,0.0004499999999999999,0.0020833333333333333,0.0020833333333333333,0.0008833333333333335,0.00345,0.0020833333333333333,-0.003
1992-06-01,-0.005716666666666665,-0.002549999999999999,-0.002549999999999999,0.016316666666666667,0.014616666666666668,-0.002549999999999999,-0.020333333333333335
1992-07-01,0.0105,0.007266666666666667,0.007266666666666667,-0.010233333333333332,-0.007300000000000001,0.007266666666666667,0.017800000000000003
1992-08-01,0.0016166666666666673,-0.003849999999999999,-0.002549999999999999,0.004083333333333334,-0.006816666666666665,-0.003849999999999999,0.008433333333333333
1992-09-01,0.008666666666666665,0.0070333333333333315,0.006399999999999999,0.0008666666666666672,-0.004499999999999999,0.006399999999999999,0.013166666666666663
1992-10-01,0.006516666666666666,0.016149999999999998,0.006516666666666666,-0.005216666666666667,-0.007816666666666664,0.006516666666666666,0.01433333333333333
1992-11-01,0.006883333333333331,0.01721666666666667,0.006883333333333331,0.007716666666666664,-0.01805,0.006883333333333331,0.02493333333333333
1992-12-01,0.017433333333333332,0.017433333333333332,0.017433333333333332,0.011933333333333332,0.014066666666666667,0.017433333333333332,0.0033666666666666654
1993-01-01,0.02443333333333333,0.0047666666666666664,0.02443333333333333,0.014866666666666667,0.02766666666666667,0.02443333333333333,-0.003233333333333338
1993-02-01,0.01681666666666667,-0.004783333333333334,0.01681666666666667,0.01681666666666667,0.017983333333333334,0.01681666666666667,-0.001166666666666663
1993-03-01,0.013283333333333333,0.0063500000000000015,0.013283333333333333,0.0059833333333333336,0.006283333333333335,0.013283333333333333,0.0069999999999999975
1993-04-01,-0.002733333333333333,-0.013933333333333332,-0.005433333333333334,-0.002733333333333333,0.019733333333333335,-0.005433333333333334,-0.02246666666666667
1993-05-01,0.004116666666666667,-0.005783333333333334,0.0006833333333333339,-0.015416666666666667,-0.008483333333333334,0.0006833333333333339,0.0126
1993-06-01,0.009266666666666668,0.012733333333333333,0.013133333333333335,0.011733333333333333,0.016166666666666666,0.013133333333333335,-0.006899999999999998
1993-07-01,0.0047,0.009466666666666667,0.011533333333333333,0.009466666666666667,0.0188,0.011533333333333333,-0.014100000000000001
1993-08-01,0.007666666666666666,0.008133333333333334,0.008400000000000003,0.008400000000000003,0.0010666666666666665,0.008400000000000003,0.0066
1993-09-01,0.010183333333333334,0.00011666666666666654,0.010183333333333334,0.00011666666666666654,0.009750000000000002,0.010183333333333334,0.00043333333333333245
1993-10-01,-0.0016833333333333325,-0.012583333333333334,-0.0016833333333333325,-0.0016833333333333325,-0.008416666666666664,-0.0016833333333333325,0.006733333333333332
1993-11-01,-0.0126,-0.0020333333333333314,-0.0126,-0.006399999999999999,-0.0199,-0.0126,0.007300000000000001
1993-12-01,0.006116666666666666,0.006116666666666666,0.010616666666666668,0.010616666666666668,0.0013166666666666674,0.010616666666666668,0.004799999999999999
1994-01-01,0.006466666666666666,0.006633333333333332,0.006466666666666666,0.006633333333333332,0.0022,0.006466666666666666,0.004266666666666665
1994-02-01,-0.009816666666666666,-0.0010833333333333328,-0.0010833333333333328,-0.009816666666666666,0.0004833333333333333,-0.0010833333333333328,-0.0103
1994-03-01,-0.0022833333333333325,-0.005716666666666668,0.013683333333333332,-0.0013166666666666674,0.011516666666666663,-0.005716666666666668,-0.013799999999999996
1994-04-01,0.006433333333333333,0.006433333333333333,0.0075,0.005333333333333333,0.002933333333333333,0.006433333333333333,0.0034999999999999996
1994-05-01,0.004766666666666668,-0.007533333333333334,-0.005466666666666666,-0.003533333333333333,-0.007599999999999999,-0.003533333333333333,0.012366666666666668
1994-06-01,-0.00023333333333333336,-0.005233333333333333,0.011633333333333334,-0.00023333333333333336,-0.0037333333333333337,-0.00023333333333333336,0.0035000000000000005
1994-07-01,-0.00755,0.005716666666666665,0.0005166666666666669,0.0018499999999999999,0.00405,0.0018499999999999999,-0.0116
1994-08-01,0.006516666666666666,0.02008333333333333,-0.01495,0.0017166666666666658,0.0032499999999999994,0.006516666666666666,0.003266666666666667
1994-09-01,0.0026000000000000003,0.0011666666666666663,-0.006433333333333335,0.0026000000000000003,0.0007333333333333332,0.0026000000000000003,0.001866666666666667
1994-10-01,-0.00295,0.00445,0.00445,-0.0035499999999999998,-0.0035499999999999998,-0.00295,0.0005999999999999998
1994-11-01,0.005366666666666666,-0.008366666666666666,-0.008366666666666666,-0.009666666666666667,-0.009666666666666667,-0.008066666666666668,0.015033333333333333
1994-12-01,0.005350000000000001,0.005350000000000001,0.008383333333333335,0.008216666666666667,0.006883333333333334,0.008216666666666667,-0.0015333333333333336
1995-01-01,-0.007699999999999999,0.002533333333333333,0.008533333333333332,-0.0016999999999999995,-0.0016999999999999995,-0.0016999999999999995,-0.006
1995-02-01,-0.00565,-0.004016666666666667,0.008083333333333333,0.00645,0.004416666666666666,0.00645,-0.010066666666666665
1995-03-01,-0.005399999999999999,-0.000633333333333333,0.0019,-0.007166666666666666,0.00013333333333333353,0.00013333333333333353,-0.005533333333333333
1995-04-01,0.004783333333333334,0.01095,0.01095,0.0062499999999999995,0.009516666666666666,0.01095,-0.0047333333333333324
1995-05-01,0.0023666666666666662,0.012033333333333333,0.0048,0.012033333333333333,0.003433333333333332,0.0048,-0.0010666666666666659
1995-06-01,0.006033333333333332,-0.013200000000000002,0.006033333333333332,-0.0041333333333333335,0.0068000000000000005,0.006033333333333332,-0.0007666666666666681
1995-07-01,-0.010283333333333334,-0.0032166666666666676,0.0020833333333333333,0.00915,0.008416666666666668,0.00915,-0.0187
1995-08-01,0.003166666666666667,0.008833333333333334,0.008833333333333334,0.003166666666666667,0.012733333333333333,0.008833333333333334,-0.009566666666666666
1995-09-01,0.009399999999999999,0.009399999999999999,0.009399999999999999,0.015600000000000001,0.006099999999999999,0.009399999999999999,0.0033
1995-10-01,0.018483333333333334,-0.0001166666666666677,-0.0001166666666666677,0.013449999999999998,-0.00655,-0.0001166666666666677,0.025033333333333335
1995-11-01,-0.004449999999999999,0.0052166666666666655,0.0052166666666666655,0.008749999999999999,0.007116666666666666,0.0052166666666666655,-0.011566666666666666
1995-12-01,0.007816666666666666,0.009983333333333332,-8.333333333333398e-05,0.007816666666666666,0.014783333333333334,0.009983333333333332,-0.006966666666666668
1996-01-01,0.014149999999999998,0.00535,-0.0038499999999999997,0.0066166666666666665,-0.00305,0.00535,0.017199999999999997
1996-02-01,-0.004416666666666667,-0.0034833333333333335,0.011283333333333333,-0.008850000000000002,-0.0034833333333333335,0.001483333333333333,-0.0009333333333333333
1996-03-01,-0.0029333333333333342,0.0022666666666666655,0.0022666666666666655,0.0022666666666666655,-0.005,0.0022666666666666655,0.002066666666666666
1996-04-01,-0.000649999999999999,-0.007483333333333332,-0.000649999999999999,-0.000649999999999999,-0.02248333333333333,-0.000649999999999999,0.021833333333333333
1996-05-01,0.010016666666666669,-0.007516666666666669,0.010016666666666669,0.010016666666666669,0.002050000000000001,0.010016666666666669,0.007966666666666667
1996-06-01,0.0054166666666666695,0.021416666666666667,0.0054166666666666695,-0.0023499999999999997,0.00975,0.0054166666666666695,-0.0043333333333333305
1996-07-01,0.0014666666666666667,0.0014666666666666667,0.03393333333333333,-0.01583333333333333,0.024266666666666662,0.0014666666666666667,-0.022799999999999994
1996-08-01,-0.005833333333333334,0.011000000000000001,-0.005833333333333334,0.002766666666666667,-0.013800000000000002,0.002766666666666667,0.007966666666666667
1996-09-01,0.0045,0.0116,-0.0075,0.0045,-0.011833333333333333,0.0045,0.01633333333333333
1996-10-01,0.02935,0.006816666666666665,0.016716666666666668,0.016716666666666668,0.021850000000000005,0.016716666666666668,0.007499999999999996
1996-11-01,0.017483333333333337,0.0023833333333333332,-0.0033500000000000005,0.004750000000000001,-0.010216666666666667,0.004750000000000001,0.027700000000000002
1996-12-01,0.008366666666666666,0.003399999999999999,0.008366666666666666,0.008366666666666666,0.0026333333333333343,0.008366666666666666,0.005733333333333332
1997-01-01,0.013949999999999999,0.012916666666666667,-0.002616666666666665,0.007883333333333332,-0.006683333333333333,0.007883333333333332,0.02063333333333333
1997-02-01,0.016133333333333336,-0.0038999999999999994,0.016133333333333336,0.007666666666666666,0.006866666666666667,0.007666666666666666,0.00926666666666667
1997-03-01,0.0026333333333333347,0.001266666666666668,0.001266666666666668,0.001266666666666668,0.016699999999999996,0.001266666666666668,-0.014066666666666661
1997-04-01,0.009183333333333333,0.028183333333333335,0.009183333333333333,0.009183333333333333,-0.01548333333333333,0.009183333333333333,0.024666666666666663
1997-05-01,-0.018416666666666668,-0.0028166666666666687,-0.0028166666666666687,-0.0028166666666666687,-0.021783333333333335,-0.0028166666666666687,0.003366666666666667
1997-06-01,0.013283333333333333,0.013283333333333333,0.01718333333333333,0.01718333333333333,0.0016500000000000004,0.01718333333333333,0.011633333333333332
1997-07-01,0.01916666666666667,0.01916666666666667,0.010033333333333333,0.010033333333333333,-0.02726666666666667,0.010033333333333333,0.04643333333333334
1997-08-01,-0.010066666666666666,-0.0237,0.0012999999999999997,0.0012999999999999997,0.0047,0.0012999999999999997,-0.014766666666666668
1997-09-01,0.0034166666666666655,0.0034166666666666655,0.011683333333333332,0.011683333333333332,0.016949999999999996,0.011683333333333332,-0.013533333333333331
1997-10-01,0.0003166666666666658,0.0021833333333333327,0.0003166666666666658,0.0003166666666666658,-0.002183333333333334,0.0003166666666666658,0.0024999999999999996
1997-11-01,0.02401666666666667,0.007316666666666667,0.007316666666666667,-0.0026499999999999996,-0.00295,0.007316666666666667,0.02696666666666667
1997-12-01,0.015850000000000003,0.02281666666666667,0.015850000000000003,0.011316666666666668,0.015850000000000003,0.015850000000000003,0.0
1998-01-01,0.00013333333333333375,0.00013333333333333375,-0.0041333333333333335,-0.0041333333333333335,-0.007166666666666666,-0.0041333333333333335,0.007299999999999999
1998-02-01,0.0032,0.0032,0.003366666666666667,0.003366666666666667,0.003366666666666667,0.003366666666666667,-0.00016666666666666696
1998-03-01,0.013699999999999999,0.011266666666666666,0.011266666666666666,-0.0046,0.013099999999999999,0.011266666666666666,0.0005999999999999998
1998-04-01,0.0008000000000000004,0.0008333333333333335,0.0008333333333333335,-0.0016333333333333332,0.0064333333333333334,0.0008333333333333335,-0.005633333333333333
1998-05-01,0.004616666666666667,0.014616666666666667,0.004616666666666667,0.014783333333333334,0.0011833333333333342,0.004616666666666667,0.0034333333333333334
1998-06-01,0.0146,0.0146,0.0025666666666666663,0.0025666666666666663,0.003433333333333332,0.0025666666666666663,0.011166666666666668
1998-07-01,0.0119,0.0119,-0.005433333333333334,0.0006666666666666661,-0.0109,-0.005433333333333334,0.0228
1998-08-01,0.005866666666666666,-0.010699999999999996,-0.010699999999999996,-0.010699999999999996,-0.02186666666666667,-0.010699999999999996,0.027733333333333336
1998-09-01,-0.002933333333333333,-0.005899999999999999,-0.005899999999999999,-0.026533333333333336,0.0032,-0.005899999999999999,-0.006133333333333333
1998-10-01,0.006233333333333331,-0.004966666666666666,-0.005566666666666667,-0.028233333333333333,-0.007899999999999999,-0.004966666666666666,0.014133333333333331
1998-11-01,0.002266666666666666,0.004799999999999999,0.004799999999999999,0.004799999999999999,0.007866666666666666,0.004799999999999999,-0.0056
1998-12-01,0.013866666666666666,0.008866666666666667,0.008866666666666667,0.008866666666666667,0.011166666666666665,0.008866666666666667,0.002700000000000001
1999-01-01,-0.0109,-0.013633333333333332,-0.013633333333333332,-0.013633333333333332,-0.004300000000000001,-0.013633333333333332,-0.006599999999999999
1999-02-01,-0.007616666666666667,0.009550000000000001,-0.007616666666666667,0.0059833333333333336,-0.0035166666666666666,-0.007616666666666667,-0.004100000000000001
1999-03-01,-0.0076833333333333345,-0.0018166666666666667,-0.016383333333333337,-0.0018166666666666667,-0.0028833333333333337,-0.016383333333333337,-0.0048000000000000004
1999-04-01,0.0010833333333333344,0.0010833333333333344,0.0010833333333333344,-0.02845,0.009316666666666666,0.0010833333333333344,-0.008233333333333332
1999-05-01,0.004433333333333334,0.004433333333333334,0.004433333333333334,0.00013333333333333483,0.001266666666666667,0.004433333333333334,0.0031666666666666675
1999-06-01,0.010950000000000001,0.00315,0.010950000000000001,-0.01275,0.00785,0.010950000000000001,0.003100000000000002
1999-07-01,-0.0009833333333333326,0.006883333333333334,0.010050000000000002,0.006883333333333334,0.005916666666666667,0.006883333333333334,-0.0069
1999-08-01,0.009483333333333333,-0.0025166666666666658,0.002050000000000001,-0.0025166666666666658,-0.001716666666666666,-0.0025166666666666658,0.0112
1999-09-01,-0.006199999999999997,0.0020666666666666667,0.0020666666666666667,0.0020666666666666667,0.005266666666666666,0.0020666666666666667,-0.011466666666666663
1999-10-01,0.021949999999999997,-0.001816666666666669,0.001650000000000001,-0.001816666666666669,-0.014150000000000001,-0.001816666666666669,0.0361
1999-11-01,0.004733333333333333,0.004866666666666668,0.004866666666666668,0.004866666666666668,-0.00016666666666666796,0.004866666666666668,0.004900000000000002
1999-12-01,0.01581666666666667,-0.03525,0.0072833333333333335,0.0072833333333333335,0.016950000000000003,0.0072833333333333335,-0.0011333333333333334
2000-01-01,-0.0126,-0.0005333333333333341,-0.002300000000000003,-0.002300000000000003,0.0041666666666666675,-0.002300000000000003,-0.016766666666666666
2000-02-01,-0.0464,-0.0464,0.015133333333333334,0.015133333333333334,0.0783,0.015133333333333334,-0.12469999999999999
2000-03-01,0.02641666666666666,0.05474999999999999,0.002950000000000008,0.002950000000000008,-0.03588333333333333,0.002950000000000008,0.062299999999999994
2000-04-01,0.03775,0.0007500000000000007,0.0007500000000000007,0.0007500000000000007,0.0007500000000000007,0.0007500000000000007,0.037
2000-05-01,-0.011883333333333334,0.0009833333333333337,0.0009833333333333337,0.018083333333333337,-0.025383333333333338,-0.011883333333333334,0.013500000000000003
2000-06-01,-0.013600000000000001,-0.029199999999999993,0.019566666666666666,-0.008166666666666664,0.04726666666666667,0.019566666666666666,-0.06086666666666667
2000-07-01,0.030233333333333334,0.0251,0.0251,0.003433333333333335,0.021966666666666673,0.021966666666666673,0.008266666666666662
2000-08-01,0.014083333333333331,0.017249999999999998,-0.006183333333333333,0.014083333333333331,0.024283333333333334,0.014083333333333331,-0.010200000000000002
2000-09-01,0.010433333333333331,0.03846666666666667,0.019433333333333334,0.02033333333333333,0.011333333333333334,0.02033333333333333,-0.0009000000000000032
2000-10-01,0.02345,0.014849999999999997,0.032716666666666665,0.014849999999999997,-0.016949999999999996,0.014849999999999997,0.04039999999999999
2000-11-01,0.07086666666666666,0.0352,0.006200000000000007,0.04126666666666667,0.03403333333333334,0.03403333333333334,0.03683333333333332
2000-12-01,0.027399999999999997,0.042199999999999994,0.02613333333333333,0.042199999999999994,0.042199999999999994,0.042199999999999994,-0.014799999999999997
2001-01-01,-0.05388333333333333,-0.07131666666666667,-0.07131666666666667,-0.05388333333333333,-0.05388333333333333,-0.05388333333333333,0.0
2001-02-01,0.059666666666666666,0.0501,0.0501,0.0931,0.029266666666666673,0.059666666666666666,0.030399999999999993
2001-03-01,0.028766666666666673,-0.012966666666666666,0.021,0.05293333333333333,0.009866666666666668,0.028766666666666673,0.018900000000000007
2001-04-01,-0.019933333333333334,-0.019933333333333334,-0.004466666666666667,-0.017,-0.0064,-0.019933333333333334,-0.013533333333333335
2001-05-01,0.008166666666666668,0.02,0.02,0.008166666666666668,0.004933333333333333,0.02,0.0032333333333333346
2001-06-01,0.006683333333333334,0.006683333333333334,0.006683333333333334,-0.015616666666666666,-0.014383333333333333,0.006683333333333334,0.021066666666666668
2001-07-01,0.02605,0.02605,0.02605,0.04268333333333333,0.01838333333333333,0.02605,0.007666666666666669
2001-08-01,0.024666666666666667,0.024666666666666667,-0.0153,0.037533333333333335,0.024833333333333336,0.024666666666666667,-0.00016666666666666913
2001-09-01,0.010500000000000004,0.010500000000000004,0.029633333333333334,0.029633333333333334,0.043666666666666666,0.010500000000000004,-0.033166666666666664
2001-10-01,-0.025249999999999998,-0.010716666666666666,-0.025249999999999998,-0.04305,-0.041383333333333334,-0.025249999999999998,0.016133333333333336
2001-11-01,-0.0073999999999999995,-0.0073999999999999995,-0.0073999999999999995,-0.0313,-0.019666666666666666,-0.0073999999999999995,0.012266666666666665
2001-12-01,0.012583333333333337,0.009816666666666666,0.012583333333333337,-0.004450000000000001,-0.010683333333333335,0.012583333333333337,0.02326666666666667
2002-01-01,0.024116666666666665,0.024116666666666665,0.019850000000000003,0.019850000000000003,0.008883333333333333,0.024116666666666665,0.015233333333333331
2002-02-01,0.03273333333333333,0.03273333333333333,0.03273333333333333,0.033999999999999996,0.014833333333333332,0.03273333333333333,0.0179
2002-03-01,0.011016666666666668,0.011016666666666668,0.005216666666666667,-0.0028166666666666665,-0.010849999999999999,0.011016666666666668,0.021866666666666666
2002-04-01,0.03844999999999999,0.025083333333333332,0.03844999999999999,0.01635,0.018416666666666668,0.03844999999999999,0.020033333333333323
2002-05-01,0.008366666666666666,0.008366666666666666,-6.666666666666742e-05,0.02313333333333333,0.015433333333333334,0.008366666666666666,-0.007066666666666667
2002-06-01,0.016200000000000003,0.016200000000000003,0.016200000000000003,0.027766666666666665,0.014700000000000003,0.016200000000000003,0.0014999999999999996
2002-07-01,-0.019433333333333334,-0.019433333333333334,-0.03153333333333334,0.0016666666666666646,0.016166666666666666,-0.019433333333333334,-0.0356
2002-08-01,0.006783333333333333,0.006783333333333333,0.0005499999999999996,0.005116666666666667,0.004816666666666666,0.006783333333333333,0.001966666666666667
2002-09-01,0.006916666666666666,0.006916666666666666,0.002716666666666666,0.006916666666666666,0.020249999999999997,0.006916666666666666,-0.013333333333333332
2002-10-01,-0.013699999999999999,-0.013699999999999999,0.0005999999999999986,-0.025533333333333335,0.011133333333333334,-0.013699999999999999,-0.024833333333333332
2002-11-01,-0.0213,-0.0213,-0.0213,-0.00026666666666666505,-0.0213,-0.0213,0.0
2002-12-01,0.01751666666666667,0.037783333333333335,0.011550000000000003,0.01675,-0.0043166666666666674,0.018583333333333337,0.021833333333333337
2003-01-01,0.006399999999999999,-0.004533333333333333,-0.004533333333333333,-0.0014333333333333327,-0.002166666666666666,-0.002166666666666666,0.008566666666666665
2003-02-01,-0.004649999999999999,-0.004649999999999999,-0.0017499999999999998,-0.0017499999999999998,-0.008683333333333333,-0.004649999999999999,0.004033333333333334
2003-03-01,0.010399999999999998,-0.0022333333333333337,0.0034999999999999996,0.0007999999999999995,-0.004933333333333332,0.003366666666666666,0.01533333333333333
2003-04-01,-0.00825,-0.00798333333333333,0.011416666666666667,-0.00798333333333333,-0.004183333333333333,-0.004183333333333333,-0.004066666666666667
2003-05-01,-0.005149999999999999,-0.021083333333333332,-0.021083333333333332,0.01798333333333334,-0.021083333333333332,-0.005149999999999999,0.015933333333333334
2003-06-01,0.003366666666666667,-0.002133333333333334,0.003366666666666667,0.0018999999999999991,-0.0036000000000000003,0.003366666666666667,0.006966666666666668
2003-07-01,0.0042166666666666654,0.0042166666666666654,-0.010450000000000001,0.009416666666666667,0.017183333333333335,0.0042166666666666654,-0.01296666666666667
2003-08-01,0.009449999999999998,0.0015499999999999993,0.0039833333333333335,0.0015499999999999993,0.017083333333333336,0.009449999999999998,-0.0076333333333333375
2003-09-01,0.0011833333333333333,-0.0007166666666666666,-0.0022833333333333334,-0.0007166666666666666,-0.0018166666666666667,0.0011833333333333333,0.003
2003-10-01,0.02533333333333333,0.01796666666666667,0.02533333333333333,0.016566666666666664,0.021166666666666667,0.02533333333333333,0.004166666666666662
2003-11-01,0.014383333333333333,0.0009500000000000006,0.014383333333333333,0.014383333333333333,0.0059833333333333336,0.014383333333333333,0.0084
2003-12-01,-0.0013833333333333326,0.006983333333333334,-0.0013833333333333326,-0.0013833333333333326,0.005083333333333335,-0.0013833333333333326,-0.0064666666666666674
2004-01-01,0.01555,0.007349999999999999,0.01555,0.01555,0.019350000000000003,0.01555,-0.003800000000000003
2004-02-01,-0.005066666666666666,0.005100000000000001,-0.0011333333333333334,0.0020333333333333336,-0.0019999999999999996,0.0020333333333333336,-0.0030666666666666668
2004-03-01,0.003133333333333333,-0.0039000000000000003,0.003133333333333333,0.003133333333333333,-0.0094,0.003133333333333333,0.012533333333333334
2004-04-01,-0.0197,-0.012833333333333334,-0.0197,-0.0197,-0.024366666666666665,-0.0197,0.004666666666666666
2004-05-01,0.0028833333333333337,0.0015500000000000004,0.0015500000000000004,-0.0023833333333333332,0.006783333333333333,0.0015500000000000004,-0.0038999999999999994
2004-06-01,0.014133333333333333,0.005733333333333333,0.014133333333333333,0.010400000000000001,0.0019999999999999996,0.014133333333333333,0.012133333333333333
2004-07-01,0.019116666666666667,-0.004083333333333333,-0.004083333333333333,-0.004083333333333333,-0.011716666666666667,-0.004083333333333333,0.030833333333333334
2004-08-01,0.0008166666666666664,-0.00285,-0.00285,-0.00285,-0.00295,-0.00285,0.0037666666666666664
2004-09-01,0.0064,0.011733333333333332,0.011733333333333332,0.011733333333333332,0.005966666666666666,0.011733333333333332,0.0004333333333333342
2004-10-01,-0.0051333333333333335,-0.0009000000000000003,-0.00040000000000000045,-0.00040000000000000045,0.0008666666666666666,-0.00040000000000000045,-0.006
2004-11-01,0.021,-0.00783333333333333,0.021599999999999998,0.010733333333333336,0.007266666666666667,0.021,0.013733333333333334
2004-12-01,-0.012016666666666667,-0.0005166666666666682,-0.0006500000000000007,-0.0006500000000000007,-0.0006500000000000007,-0.0006500000000000007,-0.011366666666666666
2005-01-01,0.013416666666666667,-0.0013833333333333326,0.00795,0.0042499999999999994,-0.005083333333333333,0.0042499999999999994,0.0185
2005-02-01,0.01255,0.01355,0.014249999999999999,0.01255,0.00815,0.01255,0.004400000000000001
2005-03-01,0.008,0.006266666666666667,-0.006566666666666668,0.001566666666666667,0.001566666666666667,0.001566666666666667,0.0064333333333333334
2005-04-01,-0.003133333333333333,-0.015033333333333334,0.0014333333333333327,-0.0118,-0.0118,-0.0118,0.008666666666666666
2005-05-01,-0.0030666666666666668,-0.008866666666666665,-0.00010000000000000026,0.009099999999999999,0.01103333333333333,0.009099999999999999,-0.014099999999999998
2005-06-01,0.015099999999999997,0.0023,0.01683333333333333,0.004233333333333333,0.015099999999999997,0.015099999999999997,0.0
2005-07-01,-0.006466666666666667,0.010566666666666663,-0.0026000000000000003,0.006599999999999999,0.006599999999999999,0.006599999999999999,-0.013066666666666666
2005-08-01,0.0034833333333333335,0.006016666666666667,0.0026166666666666664,-0.0005166666666666665,-0.0005166666666666665,-0.0005166666666666665,0.004
2005-09-01,0.005166666666666667,0.0043,0.007799999999999999,0.0067666666666666665,0.0067666666666666665,0.0067666666666666665,-0.0015999999999999999
2005-10-01,-0.010433333333333334,0.0013666666666666669,-0.005433333333333334,-0.010433333333333334,-0.010433333333333334,-0.010433333333333334,0.0
2005-11-01,0.0029666666666666665,-0.012066666666666668,0.0056,-3.333333333333342e-05,0.0029666666666666665,0.0029666666666666665,0.0
2005-12-01,0.0013666666666666669,0.0029999999999999996,0.0007666666666666668,0.002166666666666667,0.0013666666666666669,0.0013666666666666669,0.0
2006-01-01,0.018933333333333333,-0.010599999999999998,0.018933333333333333,-0.010599999999999998,0.018933333333333333,0.018933333333333333,0.0
2006-02-01,0.0001833333333333334,-0.00235,-0.0005500000000000001,-0.0013166666666666672,-0.00235,-0.00235,0.0025333333333333336
2006-03-01,0.010450000000000001,-0.0006833333333333339,0.01035,0.010450000000000001,0.010450000000000001,0.010450000000000001,0.0
2006-04-01,0.0075499999999999986,0.009983333333333332,0.00155,0.009983333333333332,0.007349999999999999,0.007349999999999999,0.00019999999999999966
2006-05-01,0.0007666666666666667,0.012633333333333335,-0.008899999999999998,0.0007666666666666667,-0.008899999999999998,-0.008899999999999998,0.009666666666666665
2006-06-01,0.000616666666666667,0.005816666666666667,0.005016666666666667,0.005016666666666667,0.005016666666666667,0.005016666666666667,-0.004399999999999999
2006-07-01,0.009800000000000001,0.009800000000000001,-0.002200000000000001,-0.002200000000000001,-0.002200000000000001,-0.002200000000000001,0.012000000000000002
2006-08-01,-0.005666666666666667,-0.005666666666666667,-0.004166666666666667,-0.010933333333333331,-0.004166666666666667,-0.004166666666666667,-0.0015000000000000005
2006-09-01,0.005916666666666667,0.005916666666666667,0.0012833333333333336,-0.004849999999999998,0.0012833333333333336,0.0012833333333333336,0.004633333333333334
2006-10-01,0.00805,0.00145,0.00805,0.00805,0.00805,0.00805,0.0
2006-11-01,-0.0008833333333333332,0.001216666666666667,-0.00655,0.0005500000000000007,0.001216666666666667,0.001216666666666667,-0.0021000000000000003
2006-12-01,0.008,0.008,0.008,0.010166666666666666,0.008,0.008,0.0
2007-01-01,0.002466666666666667,0.002466666666666667,-0.002133333333333334,0.0018333333333333333,0.002466666666666667,0.002466666666666667,0.0
2007-02-01,-0.0053,-0.0053,-0.0053,-0.0053,-0.0035666666666666663,-0.0053,-0.0017333333333333337
2007-03-01,0.004050000000000001,0.003583333333333333,0.0012166666666666662,0.0022166666666666667,0.0022166666666666667,0.004050000000000001,0.001833333333333334
2007-04-01,0.0033333333333333335,0.0033333333333333335,0.010800000000000002,-0.0083,-0.0005999999999999997,0.0033333333333333335,0.003933333333333333
2007-05-01,0.004766666666666667,0.004766666666666667,0.004766666666666667,0.003666666666666667,-0.00013333333333333266,0.004766666666666667,0.0049
2007-06-01,-0.0020666666666666667,-0.0020666666666666667,-0.0020666666666666667,-0.004399999999999999,-0.0037000000000000006,-0.0020666666666666667,0.0016333333333333339
2007-07-01,-0.014183333333333334,-0.0040166666666666675,-0.001783333333333333,-0.014183333333333334,-0.014183333333333334,-0.014183333333333334,0.0
2007-08-01,-0.004116666666666667,-0.005216666666666667,-0.005216666666666667,-0.0072499999999999995,-0.0009833333333333339,-0.005216666666666667,-0.003133333333333333
2007-09-01,0.007483333333333332,0.007483333333333332,-0.015416666666666667,0.0009833333333333337,-0.000649999999999999,-0.000649999999999999,0.008133333333333331
2007-10-01,0.006083333333333334,0.00011666666666666885,0.007183333333333333,0.006083333333333334,0.0013166666666666685,0.006083333333333334,0.004766666666666666
2007-11-01,-0.0007833333333333326,-0.010483333333333332,-0.014216666666666667,0.015216666666666668,-0.016316666666666667,-0.010483333333333332,0.015533333333333335
2007-12-01,0.010349999999999998,0.008649999999999998,0.008649999999999998,0.01095,0.005649999999999998,0.008649999999999998,0.0047
2008-01-01,-0.024183333333333334,-0.01085,-0.01085,-0.00875,-0.017916666666666668,-0.01085,-0.006266666666666667
2008-02-01,0.005366666666666666,0.0029666666666666674,0.0029666666666666674,0.013266666666666668,0.0015333333333333334,0.0029666666666666674,0.0038333333333333327
2008-03-01,0.00825,0.0063166666666666675,0.009283333333333333,0.010450000000000001,0.004350000000000001,0.009283333333333333,0.0039
2008-04-01,0.005550000000000002,-0.003683333333333333,0.0023500000000000014,0.006216666666666669,0.00018333333333333353,0.0023500000000000014,0.005366666666666669
2008-05-01,0.0181,0.010033333333333333,0.0131,0.0029666666666666674,-0.00010000000000000055,0.0131,0.0182
2008-06-01,0.020400000000000005,0.012033333333333339,0.012033333333333339,0.03626666666666667,-0.00843333333333333,0.012033333333333339,0.028833333333333336
2008-07-01,-0.012716666666666668,0.004616666666666667,0.004616666666666667,0.004616666666666667,-0.0007166666666666653,0.004616666666666667,-0.012000000000000002
2008-08-01,0.00723333333333333,0.0011333333333333323,0.00723333333333333,0.022166666666666668,-0.0098,0.00723333333333333,0.01703333333333333
2008-09-01,0.0027500000000000007,0.0027500000000000007,0.0027500000000000007,0.0027500000000000007,0.024650000000000005,0.0027500000000000007,-0.021900000000000003
2008-10-01,-0.01065,-0.01695,-0.01695,-0.01695,0.04148333333333334,-0.01695,-0.05213333333333334
2008-11-01,0.014683333333333333,-0.006016666666666666,0.007316666666666666,-0.02158333333333333,0.03311666666666667,-0.006016666666666666,-0.018433333333333336
2008-12-01,-0.0023833333333333324,-0.0023833333333333324,-0.0023833333333333324,-0.008283333333333332,-0.013583333333333334,-0.0023833333333333324,0.011200000000000002
2009-01-01,-0.0412,-0.0412,-0.004466666666666668,-0.007266666666666664,-0.0412,-0.0412,0.0
2009-02-01,-0.021933333333333336,-0.021933333333333336,6.666666666666626e-05,0.01576666666666667,-0.025300000000000003,-0.021933333333333336,0.003366666666666667
2009-03-01,-0.017150000000000002,-0.005550000000000002,-0.005550000000000002,-0.035583333333333335,0.0030499999999999993,-0.005550000000000002,-0.020200000000000003
2009-04-01,-0.03428333333333334,-0.016350000000000007,-0.040150000000000005,-0.016350000000000007,-0.05471666666666667,-0.016350000000000007,0.02043333333333333
2009-05-01,-0.0213,-0.019933333333333334,-0.012466666666666662,-0.019933333333333334,-0.03456666666666667,-0.019933333333333334,0.01326666666666667
2009-06-01,0.006000000000000001,0.006000000000000001,-0.0015666666666666665,0.0046,0.010700000000000001,0.006000000000000001,-0.0047
2009-07-01,0.02036666666666666,0.02036666666666666,0.012666666666666665,0.012666666666666665,-0.012266666666666667,0.02036666666666666,0.03263333333333333
2009-08-01,0.0039666666666666696,0.0036333333333333356,0.0036333333333333356,0.0036333333333333356,0.0023666666666666675,0.0036333333333333356,0.001600000000000002
2009-09-01,-0.00145,0.0076166666666666666,0.0076166666666666666,0.0076166666666666666,-0.018883333333333335,0.0076166666666666666,0.017433333333333335
2009-10-01,-0.010566666666666669,-0.010566666666666669,-0.005633333333333335,0.014099999999999996,-0.008466666666666664,-0.010566666666666669,-0.0021000000000000046
2009-11-01,0.0063,0.0063,0.0074,-0.012299999999999998,0.015500000000000002,0.0063,-0.009200000000000002
2009-12-01,0.00018333333333333396,0.020649999999999998,0.020649999999999998,0.020649999999999998,0.00018333333333333396,0.020649999999999998,0.0
2010-01-01,-0.014199999999999999,-0.015533333333333335,-0.014199999999999999,-0.014199999999999999,-0.015533333333333335,-0.014199999999999999,0.0013333333333333357
2010-02-01,0.021466666666666672,0.0165,0.021466666666666672,0.021466666666666672,0.0165,0.021466666666666672,0.004966666666666671
2010-03-01,0.025033333333333335,0.018933333333333333,0.025033333333333335,0.025033333333333335,0.018933333333333333,0.025033333333333335,0.006100000000000001
2010-04-01,0.02573333333333333,0.009200000000000002,0.02573333333333333,0.02573333333333333,0.009200000000000002,0.02573333333333333,0.01653333333333333
2010-05-01,-0.015733333333333335,-0.016,-0.015733333333333335,-0.015733333333333335,-0.016,-0.015733333333333335,0.00026666666666666505
2010-06-01,-0.020433333333333335,-0.0285,-0.0285,-0.0285,-0.020100000000000003,-0.0285,-0.0003333333333333313
2010-07-01,0.017249999999999998,0.01738333333333333,0.01738333333333333,0.01738333333333333,0.016816666666666664,0.01738333333333333,0.0004333333333333342
2010-08-01,-0.0073333333333333315,-0.01753333333333333,-0.01753333333333333,-0.01753333333333333,-0.00933333333333333,-0.01753333333333333,0.001999999999999999
2010-09-01,0.01958333333333333,0.01958333333333333,0.01958333333333333,0.01958333333333333,0.020216666666666664,0.01958333333333333,-0.000633333333333333
2010-10-01,-0.007833333333333333,0.0075,0.0075,0.0075,0.005066666666666666,0.0075,-0.012899999999999998
2010-11-01,0.0016499999999999993,0.013450000000000002,0.013450000000000002,0.0016499999999999993,0.013450000000000002,0.013450000000000002,-0.011800000000000003
2010-12-01,0.010266666666666665,0.013499999999999998,0.013499999999999998,0.013499999999999998,0.024900000000000002,0.013499999999999998,-0.014633333333333337
2011-01-01,0.007949999999999999,0.00024999999999999995,0.00125,0.00024999999999999995,0.007949999999999999,0.00024999999999999995,0.0
2011-02-01,0.006499999999999999,0.012000000000000002,0.005733333333333334,0.012000000000000002,0.006499999999999999,0.012000000000000002,0.0
2011-03-01,0.0019499999999999997,0.0019499999999999997,-0.0010166666666666668,0.010483333333333336,-0.003816666666666666,0.010483333333333336,0.005766666666666666
2011-04-01,0.002166666666666667,0.0004000000000000004,0.00023333333333333374,0.0004000000000000004,0.002166666666666667,0.0004000000000000004,0.0
2011-05-01,-0.004183333333333334,-0.006583333333333333,-0.006583333333333333,-0.006583333333333333,-0.004183333333333334,-0.006583333333333333,0.0
2011-06-01,0.0011166666666666677,0.0013166666666666676,0.001983333333333334,0.007116666666666667,0.0011166666666666677,0.0013166666666666676,0.0
2011-07-01,-0.005366666666666666,-0.0016666666666666661,-0.005366666666666666,0.002466666666666667,-0.0016666666666666661,-0.005366666666666666,-0.0037
2011-08-01,-0.004033333333333334,-0.004033333333333334,-0.014333333333333332,-0.014333333333333332,-0.004033333333333334,-0.014333333333333332,0.0
2011-09-01,-0.009783333333333333,-0.021416666666666667,-0.021416666666666667,-0.021416666666666667,-0.021416666666666667,-0.021416666666666667,0.011633333333333334
2011-10-01,0.01691666666666667,0.006283333333333334,0.017116666666666665,-0.020683333333333335,0.017116666666666665,0.017116666666666665,-0.00019999999999999532
2011-11-01,0.010283333333333334,0.011283333333333334,0.010283333333333334,0.0038166666666666666,0.010283333333333334,0.010283333333333334,0.0
2011-12-01,0.013233333333333333,0.012266666666666667,0.012266666666666667,0.012266666666666667,0.012266666666666667,0.012266666666666667,0.000966666666666666
2012-01-01,-0.009016666666666668,-0.009016666666666668,-0.01575,-0.009016666666666668,-0.018983333333333335,-0.009016666666666668,0.009966666666666667
2012-02-01,0.004083333333333335,0.004083333333333335,0.00965,0.004083333333333335,-0.009383333333333334,0.004083333333333335,0.013466666666666668
2012-03-01,0.0087,0.0103,0.0087,0.0087,0.0003666666666666668,0.0087,0.008333333333333333
2012-04-01,0.00595,0.007616666666666667,0.007616666666666667,0.00875,0.00595,0.00595,0.0
2012-05-01,0.00605,0.0063166666666666675,0.0013499999999999994,0.026616666666666663,-0.0007166666666666663,0.00605,0.0067666666666666665
2012-06-01,0.006049999999999999,0.0030833333333333338,0.006049999999999999,-0.0069500000000000004,0.009583333333333334,0.006049999999999999,-0.0035333333333333354
2012-07-01,0.003283333333333333,0.012616666666666665,0.0006499999999999983,-0.006716666666666667,-0.0001833333333333334,0.003283333333333333,0.0034666666666666665
2012-08-01,-0.0093,-0.0023000000000000004,-0.0008333333333333335,-0.0008333333333333335,-0.0008333333333333335,-0.0008333333333333335,-0.008466666666666666
2012-09-01,0.00485,0.0067500000000000025,-0.0003500000000000002,-0.0023499999999999997,0.0067500000000000025,0.0067500000000000025,-0.0019000000000000024
2012-10-01,0.003500000000000001,0.006266666666666667,0.003500000000000001,0.003500000000000001,0.003500000000000001,0.003500000000000001,0.0
2012-11-01,0.0020666666666666667,0.0034000000000000002,0.0034000000000000002,-0.0005333333333333331,0.0034000000000000002,0.0034000000000000002,-0.0013333333333333335
2012-12-01,0.004549999999999999,0.004549999999999999,0.004549999999999999,-0.0018500000000000003,0.0006166666666666652,0.004549999999999999,0.003933333333333334
2013-01-01,0.006416666666666665,0.00781666666666667,0.00781666666666667,-0.010750000000000001,0.013883333333333336,0.00781666666666667,-0.007466666666666671
2013-02-01,0.005,6.666666666666655e-05,0.004166666666666667,0.004166666666666667,-0.004233333333333334,0.004166666666666667,0.009233333333333333
2013-03-01,0.010883333333333333,0.007416666666666669,0.013816666666666666,0.012916666666666667,0.00038333333333333334,0.013816666666666666,0.0105
2013-04-01,0.001333333333333333,0.0005999999999999996,0.001333333333333333,0.001333333333333333,-0.0038666666666666676,0.001333333333333333,0.005200000000000001
2013-05-01,-0.0025333333333333328,-0.0025333333333333328,0.004266666666666667,-0.0025333333333333328,-0.0050999999999999995,0.004266666666666667,0.0025666666666666667
2013-06-01,-0.0045000000000000005,0.0006333333333333333,0.0006333333333333333,0.0006333333333333333,0.004633333333333333,0.0006333333333333333,-0.009133333333333334
2013-07-01,0.009066666666666666,0.014900000000000002,0.014900000000000002,0.009066666666666666,0.014900000000000002,0.014900000000000002,-0.005833333333333336
2013-08-01,-0.011383333333333334,-0.011483333333333333,-0.011483333333333333,-0.011383333333333334,-0.0024500000000000012,-0.011483333333333333,-0.008933333333333333
2013-09-01,0.006233333333333334,0.010666666666666666,0.010666666666666666,0.0018333333333333333,-0.0018999999999999996,0.010666666666666666,0.008133333333333333
2013-10-01,0.014616666666666667,0.012583333333333335,0.012583333333333335,0.012583333333333335,-0.0013166666666666663,0.012583333333333335,0.015933333333333334
2013-11-01,0.0091,0.0043,0.0091,0.0043,-0.0026000000000000003,0.0091,0.0117
2013-12-01,0.003133333333333332,0.003133333333333332,0.003133333333333332,0.003133333333333332,-0.0062,0.003133333333333332,0.009333333333333332
2014-01-01,-0.014216666666666667,-0.016216666666666667,-0.014216666666666667,-0.014216666666666667,-0.0032166666666666667,-0.014216666666666667,-0.011000000000000001
2014-02-01,0.009233333333333331,0.009666666666666665,0.009666666666666665,0.009666666666666665,-0.005933333333333332,0.009666666666666665,0.015166666666666663
2014-03-01,0.008083333333333333,0.01185,0.008083333333333333,0.008083333333333333,0.006716666666666666,0.008083333333333333,0.001366666666666667
2014-04-01,0.009350000000000002,-0.004216666666666666,-0.004216666666666666,-0.004216666666666666,0.00915,-0.004216666666666666,0.00020000000000000226
2014-05-01,0.006066666666666668,-0.0001333333333333334,-0.0001333333333333334,-0.0001333333333333334,-0.006933333333333334,-0.0001333333333333334,0.013000000000000001
2014-06-01,0.0031166666666666656,-0.007083333333333334,0.0031166666666666656,-0.007083333333333334,-0.0055833333333333325,0.0031166666666666656,0.008699999999999998
2014-07-01,-0.0084,0.0039000000000000007,-0.0084,-0.0084,-0.0016333333333333336,-0.0084,-0.006766666666666666
2014-08-01,0.0067,0.004800000000000001,0.0030000000000000005,0.007900000000000003,-0.008366666666666666,0.0057666666666666665,0.015066666666666666
2014-09-01,0.0024000000000000002,-0.009800000000000001,-0.009800000000000001,-0.009800000000000001,-0.007266666666666668,-0.009800000000000001,0.009666666666666667
2014-10-01,0.00014999999999999917,-0.0052833333333333335,0.006916666666666666,0.006916666666666666,0.006916666666666666,0.006916666666666666,-0.0067666666666666665
2014-11-01,0.006883333333333334,-0.0007833333333333329,-0.0007833333333333329,0.006883333333333334,-0.009316666666666666,-0.0007833333333333329,0.0162
2014-12-01,0.009366666666666667,-6.666666666666685e-05,0.009366666666666667,-6.666666666666685e-05,0.009533333333333333,0.009366666666666667,-0.00016666666666666566
2015-01-01,-0.0063166666666666675,-0.0063166666666666675,-0.0063166666666666675,-0.0063166666666666675,0.003983333333333333,-0.0063166666666666675,-0.0103
2015-02-01,-0.0020666666666666667,-0.0020666666666666667,-0.0032666666666666677,-0.0020666666666666667,-0.022533333333333332,-0.0020666666666666667,0.020466666666666664
2015-03-01,-0.003999999999999999,0.006266666666666667,-0.003999999999999999,-0.002733333333333334,0.0099,0.006266666666666667,-0.0139
2015-04-01,-0.004049999999999999,-0.014083333333333331,-0.004049999999999999,-0.014083333333333331,-0.022083333333333333,-0.014083333333333331,0.018033333333333335
2015-05-01,0.006966666666666665,0.006966666666666665,0.0023666666666666662,-0.011966666666666667,0.0023666666666666662,0.006966666666666665,0.004599999999999999
2015-06-01,0.003933333333333333,0.003933333333333333,0.009066666666666666,0.003933333333333333,0.0118,0.003933333333333333,-0.007866666666666668
2015-07-01,0.0011166666666666686,0.0011166666666666686,-0.004116666666666662,0.016383333333333337,-0.0051499999999999975,0.0011166666666666686,0.006266666666666666
2015-08-01,-0.005316666666666667,-0.005316666666666667,0.014749999999999994,-0.005316666666666667,0.003383333333333332,-0.005316666666666667,-0.0087
2015-09-01,0.0019,0.011366666666666666,0.021433333333333332,0.0019,0.012100000000000001,0.0019,-0.0102
2015-10-01,0.0059833333333333336,0.0059833333333333336,-0.012983333333333333,0.012849999999999999,-0.01985,0.0059833333333333336,0.025833333333333333
2015-11-01,0.003366666666666667,0.003366666666666667,0.003366666666666667,0.003366666666666667,0.002900000000000001,0.003366666666666667,0.000466666666666666
2015-12-01,-0.00645,0.003383333333333334,-0.00645,0.003383333333333334,0.0007166666666666663,-0.00645,-0.007166666666666667
2016-01-01,0.0005500000000000007,0.0005500000000000007,0.0005500000000000007,0.0005500000000000007,0.01275,0.0005500000000000007,-0.012199999999999999
2016-02-01,0.0018166666666666667,0.0018166666666666667,0.0018166666666666667,-0.001083333333333333,-0.008983333333333333,0.0018166666666666667,0.010799999999999999
2016-03-01,0.008033333333333335,0.008033333333333335,-0.018466666666666666,0.008033333333333335,-0.015133333333333334,0.008033333333333335,0.02316666666666667
2016-04-01,-0.006933333333333336,-0.0028333333333333335,-0.0028333333333333335,-0.0028333333333333335,-0.0058666666666666685,-0.0028333333333333335,-0.0010666666666666672
2016-05-01,-0.004383333333333334,-0.002316666666666667,-0.004383333333333334,-0.004383333333333334,-0.010316666666666667,-0.004383333333333334,0.005933333333333333
2016-06-01,0.010750000000000001,0.010750000000000001,0.010750000000000001,0.010750000000000001,0.01085,0.010750000000000001,-9.99999999999994e-05
2016-07-01,0.00335,-0.004883333333333333,0.00335,0.00335,-0.009783333333333331,0.00335,0.013133333333333332
2016-08-01,-0.0005000000000000004,-0.006033333333333334,-0.006033333333333334,0.010866666666666665,0.004033333333333334,-0.0005000000000000004,-0.0045333333333333345
2016-09-01,-0.0016666666666666661,-0.007699999999999999,-0.0016666666666666661,-0.0016666666666666661,-0.0016666666666666661,-0.0016666666666666661,0.0
2016-10-01,-0.00028333333333333135,0.013116666666666665,-0.00028333333333333135,0.013116666666666665,-0.00028333333333333135,-0.00028333333333333135,0.0
2016-11-01,0.031333333333333324,0.031333333333333324,-0.008033333333333332,0.031333333333333324,0.031333333333333324,0.031333333333333324,0.0
2016-12-01,0.00915,0.010616666666666668,0.010616666666666668,0.010616666666666668,0.010616666666666668,0.010616666666666668,-0.0014666666666666682
2017-01-01,-0.003133333333333334,-0.007933333333333334,-0.004833333333333333,-0.007933333333333334,-0.006233333333333334,-0.007933333333333334,0.0031
2017-02-01,-0.005183333333333334,0.002483333333333333,-0.005183333333333334,-0.005183333333333334,0.0009833333333333317,-0.005183333333333334,-0.006166666666666666
2017-03-01,-0.008666666666666668,-0.008666666666666668,-0.0061666666666666675,-0.0061666666666666675,-0.007533333333333334,-0.0061666666666666675,-0.0011333333333333343
2017-04-01,-0.001183333333333333,-0.001183333333333333,0.00018333333333333353,0.00018333333333333353,0.00018333333333333353,0.00018333333333333353,-0.0013666666666666664
2017-05-01,0.001783333333333334,-0.008183333333333334,-0.008183333333333334,-0.008183333333333334,-0.008183333333333334,-0.008183333333333334,0.009966666666666669
2017-06-01,-0.004266666666666666,0.0041333333333333335,0.0041333333333333335,0.0041333333333333335,0.0041333333333333335,0.0041333333333333335,-0.0084
2017-07-01,0.0067,0.001233333333333333,0.001233333333333333,0.001233333333333333,0.001233333333333333,0.001233333333333333,0.005466666666666667
2017-08-01,0.001683333333333333,-0.004416666666666667,-0.004416666666666667,-0.004416666666666667,-0.004416666666666667,-0.004416666666666667,0.0060999999999999995
2017-09-01,-0.000633333333333333,0.015233333333333333,0.015233333333333333,0.015233333333333333,0.015233333333333333,0.015233333333333333,-0.015866666666666668
2017-10-01,0.010466666666666666,0.004099999999999999,0.004099999999999999,0.004099999999999999,0.004099999999999999,0.004099999999999999,0.006366666666666667
2017-11-01,0.009266666666666668,0.007999999999999998,0.007999999999999998,0.007999999999999998,0.007999999999999998,0.007999999999999998,0.0012666666666666694
2017-12-01,0.005216666666666667,0.001716666666666666,-0.0007499999999999995,0.001716666666666666,0.001716666666666666,0.001716666666666666,0.0035000000000000014
2018-01-01,0.01625,0.005550000000000002,0.01625,0.005550000000000002,0.005550000000000002,0.005550000000000002,0.010699999999999998
2018-02-01,-0.005383333333333335,-0.004250000000000001,-0.005383333333333335,-0.004250000000000001,-0.004250000000000001,-0.004250000000000001,-0.0011333333333333334
2018-03-01,-0.012833333333333334,-0.0007999999999999998,-0.005,-0.0007999999999999998,-0.0007999999999999998,-0.0007999999999999998,-0.012033333333333333
2018-04-01,0.0016333333333333336,0.0016333333333333336,-0.001333333333333333,0.0016333333333333336,0.0016333333333333336,0.0016333333333333336,0.0
2018-05-01,0.007733333333333335,0.007733333333333335,-0.007966666666666667,0.007733333333333335,0.007733333333333335,0.007733333333333335,0.0
2018-06-01,-0.0064,-0.003833333333333333,-0.0064,-0.003833333333333333,-0.003833333333333333,-0.003833333333333333,-0.002566666666666667
2018-07-01,0.010050000000000002,0.0036166666666666673,0.0036166666666666673,0.0036166666666666673,0.0036166666666666673,0.0036166666666666673,0.006433333333333334
2018-08-01,0.0022333333333333337,0.004399999999999999,0.012966666666666666,0.004399999999999999,0.004399999999999999,0.004399999999999999,-0.0021666666666666657
2018-09-01,0.004766666666666667,-0.0035333333333333345,-0.008066666666666668,0.004766666666666667,-0.0035333333333333345,-0.0035333333333333345,0.008300000000000002
2018-10-01,0.004483333333333333,-0.010116666666666666,-0.02211666666666667,-0.010116666666666666,-0.010116666666666666,-0.010116666666666666,0.014599999999999998
2018-11-01,0.0021166666666666664,0.0021166666666666664,-0.000583333333333333,-0.0016166666666666673,-0.000583333333333333,-0.000583333333333333,0.0026999999999999993
2018-12-01,-0.020516666666666666,-0.011149999999999998,-0.020516666666666666,-0.020516666666666666,-0.020516666666666666,-0.020516666666666666,0.0
2019-01-01,-0.0002000000000000011,-0.0099,-0.0002000000000000011,-0.0099,0.0022333333333333324,-0.0002000000000000011,-0.0024333333333333334
2019-02-01,0.0026666666666666666,-0.0030666666666666668,0.0026666666666666666,0.0026666666666666666,0.0026666666666666666,0.0026666666666666666,0.0
2019-03-01,-0.007233333333333332,0.004500000000000001,0.004500000000000001,-0.007233333333333332,-0.007233333333333332,-0.007233333333333332,0.0
2019-04-01,0.002450000000000001,0.006283333333333333,0.002450000000000001,0.002450000000000001,0.002450000000000001,0.002450000000000001,0.0
2019-05-01,-0.003500000000000001,-0.003500000000000001,0.0017000000000000001,-0.0019000000000000013,-0.003500000000000001,-0.003500000000000001,0.0
2019-06-01,0.006999999999999999,0.006366666666666667,0.006999999999999999,0.006366666666666667,-0.016300000000000002,0.006999999999999999,0.0233
2019-07-01,0.0050999999999999995,0.0050999999999999995,0.0050999999999999995,0.011166666666666667,0.0010333333333333334,0.0050999999999999995,0.004066666666666666
2019-08-01,0.01065,-0.005249999999999998,0.005583333333333336,-0.005249999999999998,0.0032500000000000007,-0.005249999999999998,0.007399999999999999
2019-09-01,-0.010983333333333333,0.010583333333333332,0.010583333333333332,0.011549999999999998,0.011549999999999998,0.011549999999999998,-0.02253333333333333
2019-10-01,0.006283333333333332,-0.0009499999999999996,-0.00011666666666666668,-0.00011666666666666668,-0.007016666666666668,-0.00011666666666666668,0.0133
2019-11-01,-0.00525,-0.00655,-0.00525,-0.00525,-0.01815,-0.00525,0.012899999999999998
2019-12-01,0.0075,0.0075,0.004200000000000001,0.003533333333333333,0.005533333333333334,0.0075,0.001966666666666666
2020-01-01,-0.0134,0.021900000000000003,-0.0134,-0.0134,-0.029500000000000002,-0.0134,0.016100000000000003
2020-02-01,-0.026883333333333332,-0.014416666666666666,0.00028333333333333335,-0.026883333333333332,0.0059833333333333336,-0.026883333333333332,-0.03286666666666667
2020-03-01,0.027416666666666662,-0.04991666666666667,-0.04595,-0.04595,0.003916666666666669,-0.04595,0.023499999999999993
2020-04-01,0.02291666666666667,0.018450000000000005,0.018450000000000005,-0.03538333333333333,0.009250000000000001,0.018450000000000005,0.013666666666666667
2020-05-01,-0.005616666666666669,0.000783333333333332,0.000783333333333332,0.000783333333333332,-0.021050000000000003,0.000783333333333332,0.015433333333333334
2020-06-01,0.0034666666666666665,0.002366666666666666,0.006233333333333333,0.006233333333333333,0.002999999999999999,0.0034666666666666665,0.0004666666666666673
2020-07-01,0.021900000000000003,0.0171,0.0171,0.0171,-0.003599999999999999,0.0171,0.025500000000000002
2020-08-01,0.011549999999999996,0.011549999999999996,0.011549999999999996,0.010016666666666663,-0.002683333333333334,0.011549999999999996,0.01423333333333333
2020-09-01,-0.0017500000000000005,-0.010816666666666669,-0.010783333333333334,-0.006216666666666669,-0.010816666666666669,-0.010816666666666669,0.009066666666666669
2020-10-01,-0.011633333333333334,0.003933333333333334,0.014400000000000001,0.014400000000000001,0.0065,0.003933333333333334,-0.018133333333333335
2020-11-01,0.006583333333333334,0.013550000000000001,0.013550000000000001,0.013550000000000001,0.021049999999999996,0.013550000000000001,-0.014466666666666662
2020-12-01,-0.010633333333333333,0.0058,0.0058,0.0058,0.012366666666666665,0.0058,-0.023
2021-01-01,0.0032833333333333325,0.02598333333333333,0.0032833333333333325,0.02598333333333333,0.015449999999999998,0.02598333333333333,-0.012166666666666666
2021-02-01,0.00825,0.00825,0.00825,0.00825,0.009116666666666669,0.00825,-0.0008666666666666684
2021-03-01,0.02236666666666667,-0.002133333333333332,0.025166666666666667,0.02236666666666667,0.021600000000000005,0.02236666666666667,0.0007666666666666655
2021-04-01,-0.005216666666666669,0.013416666666666667,0.0028833333333333315,0.0028833333333333315,0.009316666666666666,0.0028833333333333315,-0.014533333333333336
2021-05-01,0.0007166666666666658,0.01995,0.02418333333333333,0.02418333333333333,0.01808333333333333,0.02418333333333333,-0.017366666666666662
2021-06-01,0.018583333333333334,-0.00971666666666667,-0.010716666666666668,-0.010716666666666668,-0.01661666666666667,-0.010716666666666668,0.0352
2021-07-01,-0.0037833333333333326,0.011383333333333334,-0.0037833333333333326,-0.00825,0.01865,-0.0037833333333333326,-0.022433333333333333
2021-08-01,0.011016666666666668,0.006716666666666667,0.004516666666666667,0.004516666666666667,-0.0042499999999999994,0.004516666666666667,0.015266666666666668
2021-09-01,0.005516666666666667,0.001783333333333333,0.005516666666666667,0.005516666666666667,0.0008833333333333337,0.005516666666666667,0.004633333333333333
2021-10-01,0.027383333333333332,0.011483333333333332,0.011483333333333332,0.011483333333333332,0.009416666666666667,0.011483333333333332,0.017966666666666666
2021-11-01,0.010333333333333333,0.016,0.010333333333333333,0.010333333333333333,0.0128,0.010333333333333333,-0.0024666666666666674
2021-12-01,-0.0017166666666666667,0.020816666666666664,0.020816666666666664,0.010016666666666665,0.03138333333333334,0.020816666666666664,-0.033100000000000004
2022-01-01,0.0022333333333333302,0.027999999999999997,0.014633333333333333,0.014633333333333333,0.014633333333333333,0.014633333333333333,-0.012400000000000003
2022-02-01,0.0009666666666666666,0.0105,0.0105,0.0181,-0.004566666666666667,0.0105,0.005533333333333334
2022-03-01,0.019566666666666666,0.0018333333333333344,0.0062,0.0062,0.0062,0.0062,0.013366666666666666
2022-04-01,-0.02125,0.019083333333333334,0.017916666666666664,0.017916666666666664,0.017916666666666664,0.017916666666666664,-0.03916666666666667
2022-05-01,-0.014333333333333332,0.026866666666666664,0.026866666666666664,0.026966666666666667,0.026866666666666664,0.026866666666666664,-0.041199999999999994
2022-06-01,-0.009100000000000002,-0.024666666666666667,-0.024666666666666667,-0.0291,-0.024666666666666667,-0.024666666666666667,0.015566666666666664
2022-07-01,-0.005399999999999998,-0.011333333333333329,-0.005399999999999998,-0.005399999999999998,-0.005399999999999998,-0.005399999999999998,0.0
2022-08-01,-0.006183333333333332,-0.010583333333333333,-0.011149999999999998,0.009750000000000002,-0.006183333333333332,-0.006183333333333332,0.0
2022-09-01,-0.014583333333333335,-0.01135,-0.01135,-0.014583333333333335,-0.014583333333333335,-0.014583333333333335,0.0
2022-10-01,0.046033333333333336,0.05206666666666666,0.05206666666666666,0.05206666666666666,0.05206666666666666,0.05206666666666666,-0.006033333333333321
2022-11-01,0.018616666666666667,0.018616666666666667,0.027783333333333337,0.018616666666666667,0.018616666666666667,0.018616666666666667,0.0
2022-12-01,0.007766666666666669,0.007133333333333336,0.007766666666666669,-0.010299999999999998,0.007133333333333336,0.007133333333333336,0.000633333333333333
2023-01-01,-0.02663333333333334,-0.02663333333333334,-0.04126666666666667,-0.02663333333333334,-0.02663333333333334,-0.02663333333333334,0.0
2023-02-01,-0.004633333333333332,-0.004633333333333332,-0.006566666666666668,-0.004633333333333332,-0.004633333333333332,-0.004633333333333332,0.0
2023-03-01,-0.02605,-0.02605,-0.0030833333333333338,-0.03361666666666666,-0.03435,-0.02605,0.008299999999999998
2023-04-01,0.008283333333333335,0.008283333333333335,0.01685,0.01685,0.008683333333333335,0.008283333333333335,-0.0003999999999999993
2023-05-01,-0.02795,-0.02938333333333333,-0.02795,-0.02938333333333333,-0.0034166666666666672,-0.02938333333333333,-0.02453333333333333
2023-06-01,0.009500000000000003,0.009500000000000003,0.005233333333333334,0.009500000000000003,-0.0116,0.009500000000000003,0.0211
2023-07-01,0.0006999999999999992,0.010233333333333332,0.0006999999999999992,0.0122,-0.0032999999999999995,0.010233333333333332,0.003999999999999998
2023-08-01,0.008100000000000001,-0.0040666666666666655,0.008100000000000001,-0.0040666666666666655,-0.0002333333333333331,-0.0040666666666666655,0.008333333333333335
2023-09-01,-0.0008833333333333336,-0.011783333333333333,-0.0008833333333333336,-0.013050000000000004,-0.011783333333333333,-0.006816666666666669,0.0109
2023-10-01,0.017949999999999997,-0.005983333333333334,0.007450000000000001,-0.014016666666666669,-0.006650000000000002,-0.005983333333333334,0.0246
2023-11-01,0.0135,0.0122,0.014166666666666668,0.025933333333333336,0.007933333333333332,0.0135,0.005566666666666668
2023-12-01,-0.007883333333333334,0.01635,-0.007883333333333334,0.01635,5.0000000000000273e-05,0.01635,-0.007933333333333334
2024-01-01,0.015316666666666666,-0.003750000000000001,0.015316666666666666,-0.003750000000000001,-0.013883333333333333,-0.003750000000000001,0.029199999999999997
2024-02-01,0.0052166666666666655,0.0024833333333333326,0.0024833333333333326,0.0024833333333333326,0.020783333333333338,0.0024833333333333326,-0.015566666666666673
2024-03-01,0.017266666666666666,0.017266666666666666,0.013233333333333333,0.013233333333333333,0.014299999999999998,0.013233333333333333,0.002966666666666668
2024-04-01,-0.003516666666666668,-0.012150000000000003,-0.01111666666666667,-0.012150000000000003,-0.010716666666666671,-0.012150000000000003,0.007200000000000003
2024-05-01,0.004299999999999999,0.0062666666666666695,0.0062666666666666695,0.0062666666666666695,0.004299999999999999,0.0062666666666666695,0.0
2024-06-01,0.0056166666666666665,0.0056166666666666665,0.0005499999999999984,-0.008783333333333334,0.0027833333333333334,-0.008783333333333334,0.002833333333333333
2024-07-01,-0.005516666666666666,0.003550000000000001,0.022283333333333332,0.022283333333333332,0.022283333333333332,0.022283333333333332,-0.0278
2024-08-01,0.017416666666666664,0.00925,0.005583333333333333,0.005583333333333333,0.005583333333333333,0.005583333333333333,0.011833333333333331
2024-09-01,-0.0013666666666666664,-0.0013666666666666664,-0.004433333333333333,-0.004433333333333333,-0.004433333333333333,-0.004433333333333333,0.003066666666666667
2024-10-01,0.005416666666666667,0.0025499999999999997,0.0024499999999999995,0.0024499999999999995,0.005783333333333332,0.0024499999999999995,-0.0003666666666666653
2024-11-01,-0.0021666666666666653,-0.0021666666666666653,0.013133333333333332,0.013133333333333332,0.013133333333333332,0.013133333333333332,-0.015299999999999998
2024-12-01,-0.016,-0.003233333333333333,-0.016,-0.016,-0.015,-0.016,-0.0010000000000000009
