,yield_spread,credit_spread,jobless_claims,bldg_permits,vix
1967-02-01,0.3700000000000001,-1.1900000000000004,-209000.0,995.0,-2.2103279551337165
1967-03-01,-0.009999999999999787,-1.3099999999999996,-229000.0,907.0,-2.0792915052473595
1967-04-01,-0.54,-1.2400000000000002,-260750.0,955.0,-2.8787178926028676
1967-05-01,-0.9099999999999997,-1.1100000000000003,-264000.0,1035.0,-2.757955920530027
1967-06-01,-1.0399999999999996,-1.1300000000000008,-235750.0,1076.0,-3.252904734356881
1967-07-01,-1.37,-1.0999999999999996,-232000.0,1169.0,-1.5323152188661435
1967-08-01,-1.3800000000000003,-1.0499999999999998,-232500.0,1177.0,-1.6658810380112916
1967-09-01,-1.3099999999999996,-1.1000000000000005,-212750.0,1229.0,-1.838843765415361
1967-10-01,-1.6000000000000005,-1.0399999999999991,-216000.0,1279.0,-2.3371937620737517
1967-11-01,-1.62,-0.9699999999999998,-216750.0,1280.0,-3.0333547529973086
1967-12-01,-1.1900000000000004,-1.2299999999999995,-206250.0,1297.0,-1.618174426134349
1968-01-01,-0.9199999999999999,-1.3099999999999996,-215000.0,1315.0,-1.982222255575913
1968-02-01,-0.8499999999999996,-1.2400000000000002,-215750.0,1179.0,-3.095741204684503
1968-03-01,-0.6900000000000004,-1.1099999999999994,-210750.0,1342.0,-3.821257115143098
1968-04-01,0.1200000000000001,-1.33,-196500.0,1370.0,-4.009761949042857
1968-05-01,0.25,-1.1600000000000001,-199000.0,1286.0,-1.9786177368843096
1968-06-01,0.35000000000000053,-1.3500000000000005,-199000.0,1297.0,-3.171111877592735
1968-07-01,0.5300000000000002,-1.4800000000000004,-192250.0,1300.0,-3.1101227441677466
1968-08-01,0.6100000000000003,-1.4000000000000004,-196250.0,1344.0,-1.9536978670951757
1968-09-01,0.3200000000000003,-1.33,-197750.0,1357.0,-1.5519890226194277
1968-10-01,0.33000000000000007,-1.2599999999999998,-191000.0,1464.0,-1.8113970110182838
1968-11-01,0.1200000000000001,-1.3099999999999996,-186000.0,1421.0,-1.3218771933598255
1968-12-01,-0.010000000000000675,-1.2000000000000002,-184000.0,1436.0,-1.7015631624381886
1969-01-01,0.2599999999999998,-1.2800000000000002,-199500.0,1389.0,-2.4377063638464467
1969-02-01,0.41999999999999993,-1.1099999999999994,-191500.0,1459.0,-2.400159868434665
1969-03-01,0.4900000000000002,-1.21,-196000.0,1495.0,-2.3113925790390835
1969-04-01,1.2400000000000002,-1.37,-186000.0,1438.0,-2.3553574087021936
1969-05-01,2.3499999999999996,-1.1999999999999993,-184000.0,1441.0,-2.1167004179642754
1969-06-01,2.33,-1.13,-182250.0,1328.0,-2.5211715553375487
1969-07-01,1.8899999999999997,-1.12,-192000.0,1349.0,-4.7539721114160045
1969-08-01,2.499999999999999,-1.17,-208750.0,1278.0,-2.975139916075058
1969-09-01,1.9900000000000002,-0.8900000000000006,-199000.0,1317.0,-3.038381530215208
1969-10-01,1.9000000000000004,-1.120000000000001,-194750.0,1263.0,-2.5326545084060736
1969-11-01,1.71,-1.1100000000000003,-199250.0,1216.0,-2.2811264771935558
1969-12-01,1.3200000000000003,-1.0,-206750.0,1191.0,-3.3288568518880126
1970-01-01,1.1900000000000004,-1.0699999999999994,-219750.0,1155.0,-2.9355523715957195
1970-02-01,1.7400000000000002,-1.5399999999999991,-251250.0,1062.0,-3.2709363236186957
1970-03-01,0.6899999999999995,-1.5600000000000005,-258500.0,1118.0,-3.180451899591113
1970-04-01,0.71,-1.3099999999999996,-268250.0,1132.0,-3.482486981797113
1970-05-01,0.040000000000000036,-1.0700000000000003,-325250.0,1224.0,-9.157645552104125
1970-06-01,-0.22999999999999954,-1.4100000000000001,-304500.0,1328.0,-5.047696662543826
1970-07-01,-0.25,-1.9400000000000004,-296500.0,1322.0,-4.337907264493953
1970-08-01,-0.9100000000000001,-1.9099999999999993,-286500.0,1324.0,-4.280048475614406
1970-09-01,-1.0999999999999996,-2.000000000000001,-291500.0,1394.0,-3.2411137449849603
1970-10-01,-1.13,-2.0,-318500.0,1426.0,-3.2174299405543088
1970-11-01,-1.2400000000000002,-2.540000000000001,-329500.0,1564.0,-2.9826402348033447
1970-12-01,-1.4899999999999993,-2.7299999999999995,-325250.0,1502.0,-1.9881942884206079
1971-01-01,-2.1000000000000005,-2.5,-306000.0,1767.0,-2.2578293554845357
1971-02-01,-2.39,-2.2800000000000002,-297750.0,1643.0,-2.2921773333908777
1971-03-01,-1.9900000000000002,-2.7600000000000007,-284000.0,1588.0,-2.038121439343217
1971-04-01,-1.67,-2.619999999999999,-293750.0,1759.0,-1.6413964912924728
1971-05-01,-1.7599999999999998,-2.2299999999999995,-287500.0,1745.0,-2.2310066711992653
1971-06-01,-1.6099999999999994,-2.2300000000000004,-292750.0,1972.0,-2.8947860383939665
1971-07-01,-1.4200000000000008,-2.0299999999999994,-296500.0,1903.0,-2.4664686713197383
1971-08-01,-1.0099999999999998,-2.1799999999999997,-297250.0,2069.0,-4.891334597047743
1971-09-01,-0.5899999999999999,-2.45,-325250.0,2004.0,-2.3413890480229234
1971-10-01,-0.7299999999999995,-2.5500000000000007,-320250.0,1996.0,-2.4587490208339684
1971-11-01,-0.8999999999999995,-2.570000000000001,-297250.0,2026.0,-4.4265532813594115
1971-12-01,-1.79,-2.450000000000001,-287000.0,2079.0,-2.90133741765041
1972-01-01,-2.4400000000000004,-2.2800000000000002,-273000.0,2133.0,-2.224331519444084
1972-02-01,-2.7800000000000002,-2.1500000000000004,-269250.0,2238.0,-1.6715895377395897
1972-03-01,-2.24,-2.17,-263500.0,2169.0,-2.3327752103635944
1972-04-01,-2.0200000000000005,-2.05,-262750.0,2105.0,-2.0721197753327325
1972-05-01,-1.8600000000000003,-2.1000000000000005,-264250.0,2139.0,-2.7479298996740154
1972-06-01,-1.6500000000000004,-2.089999999999999,-267750.0,2067.0,-1.8536259601062037
1972-07-01,-1.5600000000000005,-2.12,-273250.0,2183.0,-2.564741437809785
1972-08-01,-1.4000000000000004,-1.9799999999999995,-284500.0,2195.0,-2.279243899014658
1972-09-01,-1.6799999999999997,-1.54,-253500.0,2263.0,-2.2960095131778506
1972-10-01,-1.4300000000000006,-1.58,-255750.0,2393.0,-2.9223091250704023
1972-11-01,-1.2200000000000006,-1.71,-251000.0,2354.0,-2.0705160461759915
1972-12-01,-1.0300000000000002,-1.5699999999999994,-250750.0,2234.0,-2.4382336312261397
1973-01-01,-0.5199999999999996,-1.4400000000000004,-246500.0,2419.0,-2.2954966637711247
1973-02-01,-0.05999999999999961,-1.33,-228500.0,2271.0,-3.7264613994499753
1973-03-01,0.3799999999999999,-1.3199999999999994,-222000.0,2226.0,-3.9465740747089253
1973-04-01,0.4500000000000002,-1.42,-227750.0,2062.0,-3.9810323747077407
1973-05-01,0.9900000000000002,-1.2100000000000009,-239000.0,1908.0,-5.534937463469414
1973-06-01,1.5899999999999999,-1.2300000000000004,-240250.0,1931.0,-4.765831062552007
1973-07-01,3.2700000000000005,-1.1100000000000003,-240500.0,2051.0,-4.345601566568848
1973-08-01,3.0999999999999996,-1.129999999999999,-242750.0,1819.0,-3.146092597904145
1973-09-01,3.6899999999999995,-1.540000000000001,-258250.0,1809.0,-3.151455305504479
1973-10-01,3.2199999999999998,-1.62,-248000.0,1704.0,-3.582736215982872
1973-11-01,3.299999999999999,-1.6899999999999995,-241500.0,1411.0,-6.232214608299066
1973-12-01,3.209999999999999,-1.7400000000000002,-253750.0,1402.0,-7.682577397424778
1974-01-01,2.66,-1.4900000000000002,-291000.0,1288.0,-5.836334164301695
1974-02-01,2.0100000000000007,-1.5699999999999994,-305250.0,1331.0,-4.680344419311827
1974-03-01,2.1399999999999997,-1.4099999999999993,-318500.0,1360.0,-4.1863280272676135
1974-04-01,3.0,-1.3599999999999994,-314250.0,1440.0,-4.170990119864671
1974-05-01,3.7300000000000004,-1.4700000000000006,-293000.0,1254.0,-4.526607360349777
1974-06-01,4.39,-1.7299999999999995,-297500.0,1138.0,-5.031982148356871
1974-07-01,5.11,-1.6700000000000008,-312500.0,1086.0,-6.809723860494921
1974-08-01,3.9700000000000006,-1.7300000000000004,-309500.0,1002.0,-6.636586472921394
1974-09-01,3.3000000000000007,-2.1400000000000006,-343000.0,917.0,-8.829334441571165
1974-10-01,2.16,-2.58,-360750.0,840.0,-9.282504996622446
1974-11-01,1.7699999999999996,-2.92,-396750.0,824.0,-6.106697441454233
1974-12-01,1.0999999999999996,-3.200000000000001,-470500.0,783.0,-6.315166796758767
1975-01-01,-0.3700000000000001,-3.3100000000000005,-524000.0,869.0,-5.819100744559074
1975-02-01,-1.1499999999999995,-3.2600000000000007,-535000.0,726.0,-4.823523294515953
1975-03-01,-2.1900000000000004,-2.75,-544500.0,729.0,-4.9831743609432255
1975-04-01,-2.74,-2.3499999999999996,-546750.0,709.0,-4.703135090724557
1975-05-01,-2.8400000000000007,-2.629999999999999,-525250.0,866.0,-4.243203778628917
1975-06-01,-2.3100000000000005,-2.759999999999999,-497250.0,914.0,-3.6387329741328376
1975-07-01,-1.9600000000000009,-2.49,-495500.0,946.0,-3.202037033585603
1975-08-01,-2.2600000000000007,-2.1899999999999995,-442000.0,1020.0,-4.939680339794035
1975-09-01,-2.1899999999999995,-2.1799999999999997,-451500.0,994.0,-4.859709939979828
1975-10-01,-2.3200000000000003,-2.4799999999999986,-445250.0,1064.0,-4.362087172472022
1975-11-01,-2.830000000000001,-2.51,-421250.0,1096.0,-3.0171674818369554
1975-12-01,-2.8,-2.5600000000000005,-397250.0,1110.0,-3.6405962052012324
1976-01-01,-2.87,-2.67,-374250.0,1091.0,-3.7961143338496552
1976-02-01,-3.0200000000000005,-2.45,-373500.0,1195.0,-3.7586217217191944
1976-03-01,-2.8900000000000006,-2.389999999999999,-348250.0,1190.0,-3.424863648468078
1976-04-01,-2.7399999999999993,-2.38,-360500.0,1164.0,-3.2433369459599417
1976-05-01,-2.6100000000000003,-1.959999999999999,-370250.0,1132.0,-3.200339583338062
1976-06-01,-2.38,-2.0300000000000002,-393250.0,1194.0,-2.9944542606106057
1976-07-01,-2.5200000000000005,-1.9900000000000002,-393750.0,1188.0,-2.25484590268989
1976-08-01,-2.4799999999999995,-1.870000000000001,-390000.0,1245.0,-2.726705752941162
1976-09-01,-2.34,-1.8100000000000005,-388500.0,1309.0,-3.010012729891349
1976-10-01,-2.3900000000000006,-1.879999999999999,-407500.0,1481.0,-3.61887266598004
1976-11-01,-2.34,-1.9400000000000004,-409250.0,1425.0,-3.5109882330750053
1976-12-01,-2.2199999999999998,-2.249999999999999,-389500.0,1531.0,-2.135156860391985
1977-01-01,-2.5999999999999996,-1.87,-373750.0,1511.0,-2.444960178099535
1977-02-01,-2.71,-1.7299999999999995,-407250.0,1466.0,-1.901204701825839
1977-03-01,-2.7699999999999996,-1.6599999999999993,-450750.0,1560.0,-2.5051561705078154
1977-04-01,-2.6399999999999997,-1.7000000000000002,-360250.0,1660.0,-3.2992302094729267
1977-05-01,-2.1100000000000003,-1.5499999999999998,-371750.0,1660.0,-2.527562909019555
1977-06-01,-1.8900000000000006,-1.63,-380250.0,1668.0,-2.1765636599324663
1977-07-01,-1.9100000000000001,-1.5399999999999991,-361250.0,1752.0,-2.6038340471651313
1977-08-01,-1.5,-1.42,-364250.0,1687.0,-2.3188635294931577
1977-09-01,-1.2000000000000002,-1.4600000000000009,-367250.0,1780.0,-2.204775647419297
1977-10-01,-1.0499999999999998,-1.370000000000001,-368750.0,1674.0,-2.577353941658414
1977-11-01,-1.0700000000000003,-1.3699999999999992,-361750.0,1758.0,-3.7678338367445003
1977-12-01,-1.1300000000000008,-1.2999999999999998,-353500.0,1771.0,-2.564096202897072
1978-01-01,-1.2599999999999998,-1.21,-357750.0,1754.0,-2.7473672873590016
1978-02-01,-1.2499999999999991,-1.17,-351000.0,1740.0,-2.727570899224403
1978-03-01,-1.2499999999999991,-1.1800000000000015,-383250.0,1736.0,-2.438418659052617
1978-04-01,-1.2600000000000007,-1.17,-349000.0,1799.0,-3.9310647042410767
1978-05-01,-0.9899999999999993,-1.1400000000000006,-324250.0,1948.0,-3.2924414575704595
1978-06-01,-0.8600000000000012,-1.1399999999999988,-327000.0,1766.0,-3.1842135988477587
1978-07-01,-0.830000000000001,-0.9599999999999991,-324250.0,1983.0,-2.801018829280649
1978-08-01,-0.370000000000001,-1.0700000000000003,-350750.0,1786.0,-3.0495498593011585
1978-09-01,0.02999999999999936,-1.0,-348750.0,1691.0,-3.2329522450626467
1978-10-01,0.3200000000000003,-0.9499999999999993,-325000.0,1751.0,-4.110894220038158
1978-11-01,0.9499999999999993,-1.0199999999999996,-328250.0,1781.0,-5.765059387096617
1978-12-01,1.0199999999999996,-0.9299999999999997,-330500.0,1795.0,-4.274915844611416
1979-01-01,0.9700000000000006,-1.0300000000000011,-350250.0,1818.0,-3.0500441442404296
1979-02-01,0.9600000000000009,-0.9800000000000004,-357500.0,1461.0,-2.9438204489684985
1979-03-01,0.9700000000000006,-1.1400000000000006,-358500.0,1492.0,-2.5841468196378634
1979-04-01,0.8300000000000001,-1.1500000000000004,-358750.0,1720.0,-2.673387014354352
1979-05-01,0.9900000000000002,-1.2200000000000006,-415500.0,1597.0,-2.986030235785923
1979-06-01,1.379999999999999,-1.4700000000000006,-348000.0,1684.0,-2.2957530278233858
1979-07-01,1.5200000000000014,-1.3399999999999999,-366000.0,1640.0,-2.7183905520473695
1979-08-01,1.9100000000000001,-1.3200000000000003,-379250.0,1534.0,-1.9271014889721712
1979-09-01,2.0999999999999996,-1.209999999999999,-393750.0,1591.0,-3.7928269010406765
1979-10-01,3.469999999999999,-1.0999999999999996,-385000.0,1638.0,-4.7640223606835255
1979-11-01,2.5299999999999994,-1.3399999999999999,-402250.0,1481.0,-3.931823652876312
1979-12-01,3.389999999999999,-1.67,-413250.0,1276.0,-2.2435817791505372
1980-01-01,3.0199999999999996,-1.6199999999999992,-431250.0,1254.0,-4.1938599890535375
1980-02-01,1.7200000000000006,-1.1600000000000001,-414250.0,1280.0,-4.578990624893825
1980-03-01,4.440000000000001,-1.6999999999999993,-418000.0,1199.0,-6.558532982467351
1980-04-01,6.139999999999999,-2.719999999999999,-440000.0,988.0,-5.287710726571766
1980-05-01,0.8000000000000007,-2.99,-529750.0,808.0,-3.84466428698964
1980-06-01,-0.3099999999999987,-2.9300000000000015,-626750.0,861.0,-3.744846428898261
1980-07-01,-1.2200000000000006,-2.4000000000000004,-607000.0,1118.0,-3.4328795573960598
1980-08-01,-1.4900000000000002,-2.0500000000000007,-559250.0,1259.0,-4.232422430349724
1980-09-01,-0.6400000000000006,-2.1899999999999995,-518000.0,1367.0,-5.249754165221006
1980-10-01,1.0600000000000005,-2.4800000000000004,-482750.0,1484.0,-4.559703956717446
1980-11-01,3.17,-1.9600000000000009,-438000.0,1366.0,-4.816771073751369
1980-12-01,6.059999999999999,-2.3000000000000007,-411000.0,1383.0,-5.387113040094084
1981-01-01,6.509999999999998,-2.459999999999999,-410000.0,1249.0,-3.9641318546370687
1981-02-01,2.74,-2.1799999999999997,-413750.0,1221.0,-4.212006271762438
1981-03-01,1.58,-2.2200000000000006,-428750.0,1199.0,-4.489568999000597
1981-04-01,2.040000000000001,-1.8800000000000008,-407500.0,1183.0,-2.909325782878397
1981-05-01,4.42,-1.8499999999999996,-410250.0,1190.0,-3.191593054390391
1981-06-01,5.630000000000001,-2.33,-417250.0,1173.0,-3.148071802609646
1981-07-01,4.76,-1.8900000000000023,-433000.0,976.0,-3.3191750612511948
1981-08-01,2.880000000000001,-1.4000000000000004,-430750.0,935.0,-4.143119278968062
1981-09-01,0.5499999999999989,-1.6000000000000014,-443750.0,889.0,-5.2475602306903335
1981-10-01,-0.07000000000000028,-1.959999999999999,-473250.0,847.0,-4.437417771280574
1981-11-01,-0.08000000000000007,-3.0,-493750.0,731.0,-3.9849024703139433
1981-12-01,-1.3500000000000014,-2.83,-511750.0,748.0,-2.94052034994296
1982-01-01,-1.3699999999999992,-2.5100000000000016,-551000.0,796.0,-5.265425991762529
1982-02-01,0.34999999999999964,-2.75,-545250.0,794.0,-4.478565489406465
1982-03-01,0.8200000000000003,-2.960000000000001,-533750.0,808.0,-4.135237936990229
1982-04-01,1.0700000000000003,-2.910000000000002,-556500.0,891.0,-3.503638268391576
1982-05-01,0.8300000000000001,-3.0200000000000014,-587000.0,888.0,-2.9292382923992504
1982-06-01,-0.15000000000000036,-2.620000000000001,-585750.0,953.0,-3.8373921907693287
1982-07-01,-1.3599999999999994,-2.8500000000000014,-599500.0,913.0,-3.127666163861468
1982-08-01,-2.9400000000000013,-3.26,-570000.0,1044.0,-7.635654552889719
1982-09-01,-2.0299999999999994,-3.290000000000001,-629500.0,926.0,-4.726128520185441
1982-10-01,-1.1999999999999993,-3.8200000000000003,-660750.0,1042.0,-7.651112684253899
1982-11-01,-1.3500000000000014,-3.75,-641750.0,1149.0,-7.53907981181559
1982-12-01,-1.5899999999999999,-3.6000000000000014,-594250.0,1229.0,-4.978749448140441
1983-01-01,-1.7800000000000011,-3.4799999999999986,-523750.0,1351.0,-5.821797839971579
1983-02-01,-2.210000000000001,-3.2299999999999986,-492750.0,1426.0,-4.696600770144362
1983-03-01,-1.7400000000000002,-3.0999999999999996,-488750.0,1471.0,-3.8142561298438578
1983-04-01,-1.5999999999999996,-2.889999999999999,-480250.0,1475.0,-3.5785662832073
1983-05-01,-1.75,-2.709999999999999,-497250.0,1566.0,-3.3692036715399727
1983-06-01,-1.8699999999999992,-2.5199999999999996,-468000.0,1669.0,-3.6201537346456383
1983-07-01,-2.0100000000000016,-2.01,-444250.0,1769.0,-5.00899777630304
1983-08-01,-2.289999999999999,-1.790000000000001,-404500.0,1795.0,-3.605571410610267
1983-09-01,-2.200000000000001,-1.9000000000000004,-435750.0,1713.0,-3.3191053820803895
1983-10-01,-2.0599999999999987,-1.9200000000000017,-408750.0,1585.0,-3.4061960107876175
1983-11-01,-2.3499999999999996,-1.92,-399500.0,1716.0,-2.93384848052036
1983-12-01,-2.3599999999999994,-1.92,-392500.0,1668.0,-2.3519043936378625
1984-01-01,-2.1099999999999994,-1.9800000000000004,-369750.0,1627.0,-2.881545530199765
1984-02-01,-2.25,-1.75,-351000.0,1816.0,-4.63640130914305
1984-03-01,-2.41,-1.67,-339250.0,1987.0,-3.6682028548934484
1984-04-01,-2.3400000000000016,-1.6799999999999997,-345500.0,1725.0,-3.3801831543052225
1984-05-01,-3.09,-1.33,-369250.0,1776.0,-2.766673312849814
1984-06-01,-2.5,-1.4900000000000002,-360250.0,1741.0,-4.175013217865742
1984-07-01,-2.129999999999999,-1.790000000000001,-363000.0,1814.0,-2.993145625203708
1984-08-01,-1.08,-1.9100000000000001,-360500.0,1605.0,-5.048297311497623
1984-09-01,-1.2199999999999989,-1.83,-389500.0,1530.0,-3.3164353546442067
1984-10-01,-2.17,-1.7799999999999994,-398000.0,1523.0,-3.5115764314811173
1984-11-01,-2.1400000000000006,-1.9100000000000001,-419250.0,1490.0,-3.2615231842479746
1984-12-01,-3.119999999999999,-1.9000000000000004,-407000.0,1643.0,-3.587288530095598
1985-01-01,-3.030000000000001,-1.879999999999999,-381750.0,1626.0,-3.7378801643423927
1985-02-01,-3.01,-1.7200000000000006,-370750.0,1660.0,-2.9398023953515047
1985-03-01,-3.2799999999999994,-1.83,-391750.0,1662.0,-2.904162761163256
1985-04-01,-3.16,-2.08,-382500.0,1727.0,-2.195258453245677
1985-05-01,-2.88,-2.3000000000000007,-398250.0,1664.0,-2.656897274999796
1985-06-01,-2.63,-2.24,-392750.0,1709.0,-2.847868798079143
1985-07-01,-2.4300000000000006,-2.119999999999999,-392250.0,1716.0,-2.679003733210095
1985-08-01,-2.4299999999999997,-2.17,-378250.0,1697.0,-2.496834771096533
1985-09-01,-2.4499999999999993,-2.110000000000001,-403750.0,1808.0,-3.0583103350011593
1985-10-01,-2.25,-2.119999999999999,-408500.0,1916.0,-2.8227999273948168
1985-11-01,-1.7299999999999986,-2.210000000000001,-405750.0,1743.0,-2.859815305582371
1985-12-01,-0.9900000000000002,-2.3200000000000003,-392250.0,1692.0,-3.4521450388811896
1986-01-01,-1.049999999999999,-2.25,-385250.0,1794.0,-4.381386351115587
1986-02-01,-0.839999999999999,-2.41,-366750.0,1847.0,-3.1200403105722514
1986-03-01,-0.2999999999999998,-2.7199999999999998,-369500.0,1767.0,-3.698863396528336
1986-04-01,-0.3099999999999996,-2.8899999999999997,-382750.0,1780.0,-4.951002310877371
1986-05-01,-0.8600000000000003,-2.579999999999999,-385750.0,1858.0,-3.6262596139781356
1986-06-01,-0.8799999999999999,-2.54,-384500.0,1797.0,-4.08090000929967
1986-07-01,-0.7400000000000002,-2.8600000000000003,-370500.0,1790.0,-4.7499894915927285
1986-08-01,-1.0,-3.01,-362000.0,1780.0,-3.2906115218563987
1986-09-01,-1.5600000000000005,-2.749999999999999,-405250.0,1726.0,-6.354434820981465
1986-10-01,-1.58,-2.8100000000000005,-395500.0,1686.0,-2.873228479111341
1986-11-01,-1.21,-2.8200000000000003,-383250.0,1675.0,-4.460147698105235
1986-12-01,-0.20000000000000018,-2.8600000000000003,-363000.0,1644.0,-3.5021930750316725
1987-01-01,-0.6500000000000004,-2.6400000000000006,-358250.0,1903.0,-4.267084387585867
1987-02-01,-1.1500000000000004,-2.4000000000000004,-351250.0,1690.0,-3.954421612258812
1987-03-01,-1.12,-2.3599999999999994,-348750.0,1689.0,-4.402126440373076
1987-04-01,-1.6499999999999995,-2.0199999999999996,-333250.0,1704.0,-6.632731097445956
1987-05-01,-1.7599999999999998,-1.9000000000000004,-336250.0,1601.0,-5.242462336792297
1987-06-01,-1.67,-2.119999999999999,-331250.0,1500.0,-3.1121915609765294
1987-07-01,-1.8699999999999992,-2.16,-322250.0,1522.0,-2.6737659746886333
1987-08-01,-2.0299999999999994,-2.040000000000001,-319250.0,1516.0,-4.245952369398676
1987-09-01,-2.2,-1.8900000000000006,-320000.0,1511.0,-5.132891321200321
1987-10-01,-2.2299999999999995,-2.0999999999999996,-309750.0,1514.0,-26.268730549799933
1987-11-01,-2.169999999999999,-2.370000000000001,-299750.0,1447.0,-8.421996574296966
1987-12-01,-2.2200000000000006,-2.299999999999999,-306750.0,1457.0,-8.12708033401679
1988-01-01,-1.8399999999999999,-2.4000000000000004,-318750.0,1345.0,-10.006498646877441
1988-02-01,-1.6300000000000008,-2.4099999999999984,-340750.0,1244.0,-4.557649992829426
1988-03-01,-1.7899999999999991,-2.200000000000001,-318750.0,1438.0,-3.9222172828799975
1988-04-01,-1.8500000000000005,-2.1799999999999997,-305500.0,1525.0,-6.1820851928242195
1988-05-01,-2.0,-1.9499999999999993,-313000.0,1429.0,-5.17935762883571
1988-06-01,-1.4100000000000001,-2.08,-313750.0,1444.0,-4.769909770492032
1988-07-01,-1.3100000000000005,-2.049999999999999,-308250.0,1485.0,-4.594156607254152
1988-08-01,-1.25,-1.950000000000001,-325750.0,1439.0,-3.556785196282896
1988-09-01,-0.7900000000000009,-1.92,-314750.0,1460.0,-3.4265968633013415
1988-10-01,-0.5,-1.6099999999999994,-304500.0,1436.0,-4.0965263049417615
1988-11-01,-0.6100000000000012,-1.5199999999999996,-291250.0,1516.0,-3.739625338986832
1988-12-01,-0.34999999999999964,-1.540000000000001,-290500.0,1508.0,-2.5442854812564213
1989-01-01,0.02999999999999936,-1.5600000000000005,-292000.0,1501.0,-2.781505970463282
1989-02-01,0.1899999999999995,-1.4399999999999995,-289750.0,1466.0,-3.634876016372078
1989-03-01,0.4900000000000002,-1.3100000000000005,-303750.0,1383.0,-3.5580152350834586
1989-04-01,0.6600000000000001,-1.4299999999999997,-322000.0,1214.0,-3.0357459139674963
1989-05-01,0.9500000000000011,-1.6000000000000014,-309000.0,1376.0,-3.189292518595388
1989-06-01,1.25,-1.75,-324500.0,1381.0,-3.777758555384804
1989-07-01,1.2200000000000006,-1.8499999999999996,-333000.0,1322.0,-2.692628289614565
1989-08-01,0.8800000000000008,-1.7700000000000014,-339750.0,1283.0,-3.615190247976077
1989-09-01,0.8300000000000001,-1.7200000000000006,-334500.0,1334.0,-2.461543496445533
1989-10-01,0.8300000000000001,-1.8000000000000007,-337750.0,1314.0,-7.4814625593706845
1989-11-01,0.6800000000000006,-1.9400000000000004,-363250.0,1365.0,-2.954468213846808
1989-12-01,0.6099999999999994,-1.9800000000000004,-336750.0,1344.0,-3.166382537365221
1990-01-01,0.019999999999999574,-1.7299999999999986,-358000.0,1422.0,-23.347272727272728
1990-02-01,-0.23000000000000043,-1.67,-361000.0,1748.0,-23.262631578947367
1990-03-01,-0.3100000000000005,-1.620000000000001,-358250.0,1329.0,-20.062272727272727
1990-04-01,-0.5299999999999994,-1.5100000000000016,-343750.0,1246.0,-21.4035
1990-05-01,-0.5800000000000001,-1.6500000000000004,-361750.0,1136.0,-18.097727272727273
1990-06-01,-0.19000000000000128,-1.7400000000000002,-355250.0,1067.0,-16.82238095238095
1990-07-01,-0.3200000000000003,-1.7299999999999986,-361000.0,1108.0,-18.392857142857142
1990-08-01,-0.6199999999999992,-1.6600000000000001,-367000.0,1078.0,-28.175217391304347
1990-09-01,-0.6900000000000013,-1.75,-384250.0,1069.0,-29.10736842105263
1990-10-01,-0.6100000000000012,-2.0199999999999996,-394500.0,976.0,-29.625652173913043
1990-11-01,-0.580000000000001,-2.2299999999999986,-425250.0,925.0,-24.885714285714286
1990-12-01,-0.7700000000000005,-2.3499999999999996,-446750.0,941.0,-23.363
1991-01-01,-1.1799999999999997,-2.3599999999999994,-456000.0,861.0,-27.429090909090913
1991-02-01,-1.5999999999999996,-2.2200000000000006,-439750.0,786.0,-21.59842105263158
1991-03-01,-1.9899999999999993,-1.9800000000000004,-484000.0,853.0,-17.74421052631579
1991-04-01,-2.129999999999999,-1.9000000000000004,-501250.0,911.0,-17.37272727272727
1991-05-01,-2.29,-1.7899999999999991,-467250.0,916.0,-16.93227272727273
1991-06-01,-2.379999999999999,-1.6800000000000015,-447000.0,991.0,-17.134999999999998
1991-07-01,-2.4499999999999993,-1.620000000000001,-427750.0,964.0,-17.294090909090908
1991-08-01,-2.24,-1.75,-418250.0,973.0,-15.681363636363637
1991-09-01,-2.2,-1.8599999999999994,-430000.0,944.0,-16.9565
1991-10-01,-2.3200000000000003,-1.96,-424500.0,974.0,-16.36391304347826
1991-11-01,-2.6100000000000003,-2.0299999999999994,-422750.0,991.0,-17.773500000000002
1991-12-01,-2.66,-2.17,-445000.0,984.0,-18.347619047619048
1992-01-01,-3.0,-2.1000000000000005,-456750.0,1061.0,-17.68318181818182
1992-02-01,-3.2800000000000002,-1.8900000000000006,-439000.0,1077.0,-17.47736842105263
1992-03-01,-3.56,-1.71,-442750.0,1146.0,-17.520454545454545
1992-04-01,-3.7500000000000004,-1.7300000000000004,-429500.0,1082.0,-16.562857142857144
1992-05-01,-3.57,-1.740000000000001,-418250.0,1054.0,-15.077000000000002
1992-06-01,-3.5,-1.790000000000001,-414000.0,1056.0,-15.203181818181816
1992-07-01,-3.59,-2.0,-418750.0,1057.0,-13.601818181818182
1992-08-01,-3.29,-2.0600000000000005,-442750.0,1089.0,-14.421904761904763
1992-09-01,-3.1999999999999997,-2.1999999999999993,-403250.0,1075.0,-13.696666666666667
1992-10-01,-3.4899999999999998,-2.25,-417000.0,1114.0,-17.63681818181818
1992-11-01,-3.7800000000000002,-2.0900000000000007,-372750.0,1132.0,-14.4245
1992-12-01,-3.8499999999999996,-2.040000000000001,-362250.0,1118.0,-12.191363636363635
1993-01-01,-3.5799999999999996,-2.0700000000000003,-339000.0,1176.0,-12.409
1993-02-01,-3.23,-2.130000000000001,-346750.0,1177.0,-13.72157894736842
1993-03-01,-2.9100000000000006,-2.17,-338250.0,1148.0,-13.60608695652174
1993-04-01,-3.01,-2.170000000000001,-351000.0,1056.0,-12.840952380952379
1993-05-01,-3.04,-2.170000000000001,-354750.0,1104.0,-13.606
1993-06-01,-2.92,-2.1100000000000003,-343750.0,1112.0,-12.524090909090908
1993-07-01,-2.7499999999999996,-2.12,-342750.0,1130.0,-11.50047619047619
1993-08-01,-2.65,-1.92,-355000.0,1174.0,-11.928636363636365
1993-09-01,-2.2700000000000005,-1.9799999999999995,-341000.0,1230.0,-12.931428571428572
1993-10-01,-2.34,-1.9799999999999995,-339000.0,1251.0,-11.875238095238094
1993-11-01,-2.6999999999999997,-1.9400000000000004,-354000.0,1287.0,-14.083809523809524
1993-12-01,-2.8099999999999996,-1.9200000000000008,-341000.0,1357.0,-11.356363636363637
1994-01-01,-2.7,-1.9000000000000004,-323000.0,1461.0,-11.29047619047619
1994-02-01,-2.7199999999999998,-1.79,-363750.0,1390.0,-13.64421052631579
1994-03-01,-3.1400000000000006,-1.6500000000000004,-348500.0,1269.0,-15.223478260869564
1994-04-01,-3.4099999999999997,-1.5499999999999998,-335750.0,1342.0,-16.471052631578946
1994-05-01,-3.17,-1.4399999999999995,-344500.0,1392.0,-13.897142857142857
1994-06-01,-2.8499999999999996,-1.5500000000000007,-359000.0,1396.0,-13.408636363636363
1994-07-01,-3.04,-1.5000000000000009,-340000.0,1357.0,-12.4845
1994-08-01,-2.7700000000000005,-1.5,-344250.0,1335.0,-11.889130434782608
1994-09-01,-2.7299999999999995,-1.5200000000000005,-336250.0,1377.0,-13.233333333333333
1994-10-01,-2.9800000000000004,-1.459999999999999,-330250.0,1412.0,-15.245238095238093
1994-11-01,-2.67,-1.3600000000000003,-334250.0,1397.0,-16.383809523809525
1994-12-01,-2.3599999999999994,-1.29,-328000.0,1340.0,-14.177142857142858
1995-01-01,-2.25,-1.2999999999999998,-323000.0,1396.0,-12.274285714285714
1995-02-01,-1.5499999999999998,-1.38,-333500.0,1282.0,-11.47
1995-03-01,-1.2199999999999998,-1.4999999999999991,-337750.0,1254.0,-12.166521739130435
1995-04-01,-1.0099999999999998,-1.54,-340250.0,1226.0,-12.442631578947369
1995-05-01,-0.6200000000000001,-1.5699999999999994,-354000.0,1259.0,-12.265909090909092
1995-06-01,-0.16999999999999993,-1.7300000000000004,-370250.0,1271.0,-11.896818181818183
1995-07-01,-0.4300000000000006,-1.759999999999999,-366250.0,1305.0,-12.514
1995-08-01,-0.75,-1.6999999999999993,-375500.0,1354.0,-12.798260869565217
1995-09-01,-0.40000000000000036,-1.7299999999999995,-356250.0,1386.0,-12.057
1995-10-01,-0.28000000000000025,-1.71,-363750.0,1421.0,-14.357272727272727
1995-11-01,-0.1299999999999999,-1.75,-371500.0,1400.0,-12.46904761904762
1995-12-01,-0.11000000000000032,-1.7800000000000002,-377000.0,1430.0,-11.7485
1996-01-01,-0.09000000000000075,-1.8199999999999994,-363000.0,1442.0,-13.473636363636365
1996-02-01,-0.5899999999999999,-1.8200000000000003,-374000.0,1387.0,-15.032999999999998
1996-03-01,-0.96,-1.7599999999999998,-377250.0,1420.0,-17.76238095238095
1996-04-01,-1.29,-1.6799999999999997,-391000.0,1437.0,-16.575238095238095
1996-05-01,-1.5,-1.5600000000000005,-359250.0,1463.0,-16.14636363636364
1996-06-01,-1.6400000000000006,-1.4900000000000002,-344500.0,1457.0,-16.395
1996-07-01,-1.4699999999999998,-1.4799999999999995,-342750.0,1429.0,-17.978636363636365
1996-08-01,-1.42,-1.54,-337000.0,1450.0,-15.760454545454547
1996-09-01,-1.5300000000000002,-1.5199999999999996,-333250.0,1413.0,-16.578
1996-10-01,-1.29,-1.54,-342750.0,1392.0,-16.38173913043478
1996-11-01,-0.8900000000000006,-1.5899999999999999,-339000.0,1358.0,-15.997
1996-12-01,-1.0099999999999998,-1.5899999999999999,-337000.0,1412.0,-19.260952380952382
1997-01-01,-1.33,-1.5099999999999998,-353500.0,1411.0,-19.473333333333333
1997-02-01,-1.2299999999999995,-1.5200000000000005,-339000.0,1382.0,-20.139473684210525
1997-03-01,-1.3000000000000007,-1.4899999999999993,-320750.0,1445.0,-20.169999999999998
1997-04-01,-1.38,-1.4500000000000002,-319000.0,1436.0,-19.662272727272725
1997-05-01,-1.21,-1.4899999999999993,-327000.0,1421.0,-19.924761904761905
1997-06-01,-0.9300000000000006,-1.5299999999999994,-319250.0,1414.0,-20.194285714285712
1997-07-01,-0.7000000000000002,-1.5300000000000002,-325500.0,1402.0,-20.529090909090908
1997-08-01,-0.7599999999999998,-1.5200000000000005,-320250.0,1440.0,-23.084761904761905
1997-09-01,-0.6699999999999999,-1.4900000000000002,-332750.0,1449.0,-23.812380952380952
1997-10-01,-0.5300000000000002,-1.54,-315250.0,1494.0,-23.87086956521739
1997-11-01,-0.3600000000000003,-1.54,-310000.0,1499.0,-32.20611111111111
1997-12-01,-0.3099999999999996,-1.5100000000000007,-315000.0,1469.0,-26.276363636363637
1998-01-01,0.019999999999999574,-1.6500000000000004,-313250.0,1456.0,-23.8665
1998-02-01,-0.0600000000000005,-1.6799999999999997,-323500.0,1555.0,-19.998947368421053
1998-03-01,-0.16000000000000014,-1.67,-319000.0,1647.0,-20.158636363636365
1998-04-01,-0.1899999999999995,-1.6900000000000004,-315000.0,1605.0,-22.02857142857143
1998-05-01,-0.16000000000000014,-1.6499999999999995,-311000.0,1547.0,-20.874000000000002
1998-06-01,0.05999999999999961,-1.63,-313000.0,1554.0,-21.66272727272727
1998-07-01,0.08000000000000007,-1.6900000000000004,-338000.0,1551.0,-19.930000000000003
1998-08-01,0.20999999999999996,-1.7999999999999998,-333000.0,1610.0,-31.58809523809524
1998-09-01,0.7000000000000002,-2.2800000000000002,-309000.0,1654.0,-38.2047619047619
1998-10-01,0.54,-2.6499999999999995,-304000.0,1577.0,-36.60818181818182
1998-11-01,-0.0,-2.51,-312750.0,1719.0,-26.223000000000003
1998-12-01,0.02999999999999936,-2.58,-316000.0,1672.0,-25.479090909090907
1999-01-01,-0.08999999999999986,-2.5700000000000003,-316000.0,1742.0,-28.035263157894736
1999-02-01,-0.2400000000000002,-2.3899999999999997,-325000.0,1732.0,-28.82263157894737
1999-03-01,-0.4200000000000008,-2.3,-301500.0,1720.0,-25.309565217391306
1999-04-01,-0.4399999999999995,-2.3000000000000007,-302750.0,1665.0,-23.478571428571428
1999-05-01,-0.7999999999999998,-2.1799999999999997,-308500.0,1600.0,-26.204500000000003
1999-06-01,-1.1400000000000006,-2.119999999999999,-303000.0,1640.0,-23.626363636363635
1999-07-01,-0.7999999999999998,-2.16,-294000.0,1702.0,-21.04904761904762
1999-08-01,-0.8700000000000001,-2.21,-300750.0,1682.0,-24.323636363636364
1999-09-01,-0.7000000000000002,-2.2799999999999994,-290750.0,1671.0,-24.541428571428572
1999-10-01,-0.9100000000000001,-2.2700000000000005,-289500.0,1551.0,-24.021428571428572
1999-11-01,-0.6100000000000003,-2.12,-285750.0,1649.0,-21.81809523809524
1999-12-01,-0.9800000000000004,-1.9099999999999993,-281750.0,1672.0,-22.15909090909091
2000-01-01,-1.21,-1.67,-278500.0,1683.0,-23.202
2000-02-01,-0.7899999999999991,-1.7699999999999996,-289000.0,1727.0,-23.5955
2000-03-01,-0.41000000000000014,-2.1099999999999994,-293750.0,1692.0,-22.718260869565217
2000-04-01,0.02999999999999936,-2.41,-274750.0,1651.0,-27.164210526315788
2000-05-01,-0.17000000000000082,-2.46,-273000.0,1597.0,-26.37318181818182
2000-06-01,0.4300000000000006,-2.380000000000001,-282250.0,1543.0,-21.54
2000-07-01,0.4900000000000002,-2.3,-291000.0,1572.0,-19.893
2000-08-01,0.6699999999999999,-2.4299999999999997,-298500.0,1542.0,-18.088695652173914
2000-09-01,0.7199999999999998,-2.55,-312750.0,1552.0,-19.6875
2000-10-01,0.7699999999999996,-2.5999999999999996,-300000.0,1570.0,-25.2
2000-11-01,0.79,-2.5599999999999996,-301000.0,1577.0,-26.38285714285714
2000-12-01,1.1600000000000001,-2.7799999999999994,-334250.0,1614.0,-26.5305
2001-01-01,0.8200000000000003,-2.7699999999999996,-348000.0,1543.0,-24.918571428571425
2001-02-01,0.39000000000000057,-2.7700000000000005,-340000.0,1699.0,-23.411578947368422
2001-03-01,0.41999999999999993,-2.95,-371250.0,1656.0,-28.49681818181818
2001-04-01,-0.33999999999999986,-2.9300000000000006,-388000.0,1659.0,-28.133999999999997
2001-05-01,-1.1799999999999997,-2.6800000000000006,-396750.0,1666.0,-22.944090909090907
2001-06-01,-1.31,-2.6899999999999995,-394500.0,1665.0,-20.94047619047619
2001-07-01,-1.4700000000000002,-2.7299999999999995,-395000.0,1626.0,-22.316190476190474
2001-08-01,-1.3199999999999998,-2.88,-398000.0,1598.0,-21.86173913043478
2001-09-01,-1.6600000000000006,-3.299999999999999,-398000.0,1615.0,-35.065333333333335
2001-10-01,-2.08,-3.34,-443250.0,1565.0,-32.72130434782609
2001-11-01,-2.5600000000000005,-3.1599999999999993,-480750.0,1566.0,-26.63095238095238
2001-12-01,-3.2699999999999996,-2.960000000000001,-447500.0,1651.0,-23.72
2002-01-01,-3.31,-2.83,-404750.0,1680.0,-22.252857142857142
2002-02-01,-3.17,-2.9799999999999995,-408500.0,1665.0,-22.87578947368421
2002-03-01,-3.5500000000000003,-2.829999999999999,-399000.0,1787.0,-18.985
2002-04-01,-3.46,-2.8199999999999994,-421250.0,1691.0,-19.900454545454547
2002-05-01,-3.41,-2.9299999999999997,-429250.0,1669.0,-20.087727272727275
2002-06-01,-3.1799999999999997,-3.0200000000000005,-409000.0,1716.0,-25.271
2002-07-01,-2.9200000000000004,-3.25,-389500.0,1758.0,-34.04954545454546
2002-08-01,-2.5199999999999996,-3.3200000000000003,-386000.0,1738.0,-33.74272727272727
2002-09-01,-2.12,-3.5300000000000002,-395000.0,1695.0,-37.6475
2002-10-01,-2.19,-3.7900000000000005,-409500.0,1803.0,-35.24304347826087
2002-11-01,-2.71,-3.5700000000000003,-407500.0,1799.0,-28.175
2002-12-01,-2.79,-3.42,-389000.0,1771.0,-28.21047619047619
2003-01-01,-2.8099999999999996,-3.3,-414250.0,1896.0,-27.424285714285713
2003-02-01,-2.6399999999999997,-3.1599999999999997,-395000.0,1808.0,-32.21842105263158
2003-03-01,-2.56,-3.14,-411000.0,1854.0,-30.634285714285717
2003-04-01,-2.7,-2.8899999999999997,-425250.0,1757.0,-23.99190476190476
2003-05-01,-2.3099999999999996,-2.81,-436250.0,1803.0,-20.23952380952381
2003-06-01,-2.1100000000000003,-2.8600000000000003,-423000.0,1835.0,-20.362380952380953
2003-07-01,-2.9699999999999998,-2.64,-421750.0,1875.0,-19.161363636363635
2003-08-01,-3.42,-2.5599999999999996,-411500.0,1885.0,-19.274285714285714
2003-09-01,-3.26,-2.5200000000000005,-400000.0,1966.0,-19.532380952380954
2003-10-01,-3.2800000000000002,-2.4400000000000004,-395500.0,1961.0,-18.023478260869567
2003-11-01,-3.3,-2.3600000000000003,-382000.0,2012.0,-17.40105263157895
2003-12-01,-3.2899999999999996,-2.33,-363000.0,1918.0,-16.826363636363638
2004-01-01,-3.1500000000000004,-2.29,-358250.0,1987.0,-16.101
2004-02-01,-3.0700000000000003,-2.1899999999999995,-361250.0,1952.0,-15.99842105263158
2004-03-01,-2.83,-2.2800000000000002,-360750.0,1966.0,-17.687391304347827
2004-04-01,-3.3499999999999996,-2.1100000000000003,-342000.0,2066.0,-15.69857142857143
2004-05-01,-3.7199999999999998,-2.0300000000000002,-348250.0,2070.0,-17.705000000000002
2004-06-01,-3.7,-2.05,-339250.0,2150.0,-15.342727272727274
2004-07-01,-3.24,-2.12,-349000.0,2020.0,-15.502380952380953
2004-08-01,-2.8500000000000005,-2.1799999999999997,-347250.0,2112.0,-16.68409090909091
2004-09-01,-2.5199999999999996,-2.1399999999999997,-340750.0,2056.0,-14.08095238095238
2004-10-01,-2.34,-2.1100000000000003,-337250.0,2041.0,-14.973809523809523
2004-11-01,-2.2600000000000007,-2.01,-333750.0,2097.0,-13.577619047619047
2004-12-01,-2.0700000000000003,-1.92,-328750.0,2079.0,-12.459545454545456
2005-01-01,-1.94,-1.7999999999999998,-325250.0,2082.0,-13.437999999999999
2005-02-01,-1.67,-1.6500000000000004,-340250.0,2139.0,-11.708947368421052
2005-03-01,-1.87,-1.5599999999999996,-311750.0,2114.0,-13.126363636363635
2005-04-01,-1.5499999999999998,-1.71,-332000.0,2062.0,-14.459047619047618
2005-05-01,-1.1399999999999997,-1.87,-320250.0,2150.0,-13.967619047619047
2005-06-01,-0.96,-1.8600000000000003,-327000.0,2085.0,-11.868636363636364
2005-07-01,-0.9199999999999999,-1.7700000000000005,-325750.0,2178.0,-11.049
2005-08-01,-0.7599999999999998,-1.7000000000000002,-323750.0,2203.0,-12.951304347826087
2005-09-01,-0.5800000000000001,-1.83,-315750.0,2219.0,-12.628095238095238
2005-10-01,-0.6800000000000002,-1.8399999999999999,-382750.0,2263.0,-14.937619047619048
2005-11-01,-0.54,-1.8499999999999996,-344250.0,2170.0,-12.147619047619047
2005-12-01,-0.3099999999999996,-1.8500000000000005,-317250.0,2218.0,-11.26
2006-01-01,-0.1299999999999999,-1.8200000000000003,-315250.0,2120.0,-12.036
2006-02-01,-0.08000000000000007,-1.6999999999999993,-295750.0,2212.0,-12.471052631578948
2006-03-01,-0.1299999999999999,-1.6900000000000004,-290750.0,2141.0,-11.69391304347826
2006-04-01,-0.20000000000000018,-1.6899999999999995,-301750.0,2118.0,-11.84736842105263
2006-05-01,-0.16999999999999993,-1.6399999999999997,-306750.0,1998.0,-14.454545454545455
2006-06-01,-0.1200000000000001,-1.67,-332750.0,1905.0,-16.918636363636363
2006-07-01,0.15000000000000036,-1.67,-305500.0,1867.0,-15.325999999999999
2006-08-01,0.3700000000000001,-1.71,-319500.0,1763.0,-13.351739130434783
2006-09-01,0.5300000000000002,-1.71,-314250.0,1722.0,-12.1845
2006-10-01,0.5199999999999996,-1.6899999999999995,-316500.0,1655.0,-11.306363636363637
2006-11-01,0.6500000000000004,-1.6000000000000005,-315500.0,1570.0,-10.817619047619049
2006-12-01,0.6800000000000006,-1.6600000000000001,-326250.0,1535.0,-10.9645
2007-01-01,0.4900000000000002,-1.58,-323250.0,1638.0,-11.0425
2007-02-01,0.54,-1.5600000000000005,-317250.0,1626.0,-11.155263157894737
2007-03-01,0.7000000000000002,-1.71,-322750.0,1598.0,-15.162727272727272
2007-04-01,0.5599999999999996,-1.6999999999999993,-306750.0,1596.0,-12.933000000000002
2007-05-01,0.5,-1.6399999999999997,-320250.0,1470.0,-13.297727272727274
2007-06-01,0.15000000000000036,-1.6000000000000005,-304250.0,1493.0,-14.947619047619046
2007-07-01,0.2599999999999998,-1.6500000000000004,-315750.0,1407.0,-17.273333333333333
2007-08-01,0.34999999999999964,-1.9800000000000004,-313250.0,1361.0,-25.02608695652174
2007-09-01,0.4200000000000008,-2.0700000000000003,-320000.0,1321.0,-22.198947368421056
2007-10-01,0.22999999999999954,-1.9500000000000002,-313250.0,1261.0,-19.115652173913045
2007-11-01,0.33999999999999986,-2.25,-328250.0,1192.0,-25.58238095238095
2007-12-01,0.14000000000000057,-2.5500000000000007,-336000.0,1224.0,-21.651
2008-01-01,0.19999999999999973,-2.8,-349250.0,1149.0,-25.816190476190474
2008-02-01,-0.7600000000000002,-3.08,-338750.0,1094.0,-25.456
2008-03-01,-0.8999999999999999,-3.38,-346750.0,1014.0,-27.103500000000004
2008-04-01,-1.4000000000000004,-3.2899999999999996,-368000.0,967.0,-21.562727272727273
2008-05-01,-1.9,-3.05,-359500.0,1008.0,-18.303333333333335
2008-06-01,-2.0999999999999996,-2.9700000000000006,-366000.0,995.0,-22.11047619047619
2008-07-01,-2.0,-3.1500000000000004,-383250.0,1180.0,-24.321818181818184
2008-08-01,-1.8900000000000001,-3.2600000000000002,-398000.0,921.0,-20.695714285714285
2008-09-01,-1.88,-3.6199999999999997,-429250.0,858.0,-30.23857142857143
2008-10-01,-2.84,-5.07,-464000.0,797.0,-61.17739130434782
2008-11-01,-3.1399999999999997,-5.6800000000000015,-475250.0,736.0,-62.66894736842105
2008-12-01,-2.26,-6.01,-527250.0,626.0,-52.405
2009-01-01,-2.37,-5.620000000000001,-564000.0,554.0,-44.683
2009-02-01,-2.65,-5.21,-589250.0,545.0,-45.57052631578947
2009-03-01,-2.6399999999999997,-5.6,-644000.0,558.0,-44.79545454545455
2009-04-01,-2.7800000000000002,-5.460000000000001,-659250.0,513.0,-38.063809523809525
2009-05-01,-3.11,-4.7700000000000005,-627750.0,521.0,-31.977999999999998
2009-06-01,-3.5100000000000002,-3.78,-614500.0,556.0,-29.140454545454546
2009-07-01,-3.4,-3.53,-598250.0,601.0,-26.162727272727274
2009-08-01,-3.4299999999999997,-2.99,-566500.0,595.0,-25.337142857142858
2009-09-01,-3.25,-2.9099999999999997,-560250.0,616.0,-24.92666666666667
2009-10-01,-3.27,-2.9,-547500.0,609.0,-24.252272727272725
2009-11-01,-3.28,-2.9200000000000004,-523500.0,583.0,-23.788999999999998
2009-12-01,-3.4699999999999998,-2.7800000000000002,-494000.0,623.0,-21.239545454545453
2010-01-01,-3.62,-2.52,-485500.0,664.0,-20.643157894736845
2010-02-01,-3.56,-2.65,-485750.0,636.0,-22.54
2010-03-01,-3.57,-2.5399999999999996,-485750.0,650.0,-17.767391304347825
2010-04-01,-3.65,-2.4,-470250.0,687.0,-17.424285714285716
2010-05-01,-3.2199999999999998,-2.63,-469000.0,637.0,-31.9295
2010-06-01,-3.02,-3.0300000000000002,-461500.0,575.0,-29.916363636363634
2010-07-01,-2.8299999999999996,-3.0,-460500.0,587.0,-25.565238095238094
2010-08-01,-2.5100000000000002,-2.96,-460500.0,579.0,-24.74590909090909
2010-09-01,-2.46,-3.0100000000000002,-475000.0,580.0,-22.517619047619046
2010-10-01,-2.35,-3.1799999999999997,-453500.0,563.0,-20.37333333333333
2010-11-01,-2.57,-3.16,-447000.0,558.0,-20.095714285714287
2010-12-01,-3.11,-2.8099999999999996,-426250.0,560.0,-17.56954545454545
2011-01-01,-3.22,-2.6999999999999997,-420250.0,632.0,-17.3155
2011-02-01,-3.42,-2.5700000000000003,-430250.0,576.0,-17.43
2011-03-01,-3.27,-2.62,-401500.0,542.0,-20.723478260869566
2011-04-01,-3.36,-2.5599999999999996,-406000.0,583.0,-16.244
2011-05-01,-3.08,-2.6100000000000003,-427000.0,581.0,-16.91142857142857
2011-06-01,-2.91,-2.75,-422500.0,618.0,-19.153181818181817
2011-07-01,-2.93,-2.76,-418250.0,636.0,-19.2275
2011-08-01,-2.1999999999999997,-3.0600000000000005,-411250.0,621.0,-35.02913043478261
2011-09-01,-1.9,-3.2899999999999996,-409500.0,647.0,-36.53
2011-10-01,-2.08,-3.22,-417750.0,610.0,-32.829047619047614
2011-11-01,-1.9299999999999997,-3.13,-401750.0,671.0,-31.94190476190476
2011-12-01,-1.91,-3.27,-389250.0,706.0,-25.047619047619047
2012-01-01,-1.89,-3.2600000000000007,-374500.0,697.0,-20.228
2012-02-01,-1.8699999999999999,-3.17,-377750.0,712.0,-18.4205
2012-03-01,-2.04,-3.0600000000000005,-363250.0,738.0,-16.167272727272728
2012-04-01,-1.9099999999999997,-3.1400000000000006,-364500.0,806.0,-17.823
2012-05-01,-1.6400000000000001,-3.2700000000000005,-381750.0,732.0,-21.001818181818184
2012-06-01,-1.4600000000000002,-3.3999999999999995,-373500.0,796.0,-21.13095238095238
2012-07-01,-1.37,-3.34,-379750.0,794.0,-17.565238095238094
2012-08-01,-1.5499999999999998,-3.2300000000000004,-372500.0,849.0,-15.689565217391305
2012-09-01,-1.58,-3.12,-373250.0,840.0,-15.284736842105264
2012-10-01,-1.59,-2.83,-384500.0,930.0,-16.276190476190475
2012-11-01,-1.49,-2.86,-368500.0,887.0,-16.701904761904764
2012-12-01,-1.56,-2.91,-401250.0,917.0,-17.307
2013-01-01,-1.77,-2.8200000000000003,-355000.0,941.0,-13.505238095238095
2013-02-01,-1.83,-2.8699999999999997,-353000.0,940.0,-14.072631578947368
2013-03-01,-1.8199999999999998,-2.8899999999999997,-353000.0,980.0,-13.0315
2013-04-01,-1.61,-2.83,-354750.0,936.0,-13.967272727272727
2013-05-01,-1.8199999999999998,-2.8000000000000007,-347250.0,1012.0,-13.493636363636364
2013-06-01,-2.21,-2.8900000000000006,-347750.0,1003.0,-17.2715
2013-07-01,-2.49,-2.74,-344250.0,942.0,-13.974545454545455
2013-08-01,-2.66,-2.6799999999999997,-346000.0,997.0,-14.21
2013-09-01,-2.73,-2.6599999999999997,-332000.0,964.0,-14.692000000000002
2013-10-01,-2.5300000000000002,-2.6899999999999995,-314000.0,1004.0,-15.407826086956522
2013-11-01,-2.64,-2.6599999999999997,-358500.0,1044.0,-12.924000000000001
2013-12-01,-2.81,-2.48,-324750.0,1029.0,-14.192380952380953
2014-01-01,-2.79,-2.3300000000000005,-346000.0,1005.0,-14.24095238095238
2014-02-01,-2.64,-2.3899999999999997,-326750.0,976.0,-15.47
2014-03-01,-2.64,-2.3399999999999994,-335250.0,1039.0,-14.836666666666666
2014-04-01,-2.62,-2.1900000000000004,-321500.0,1067.0,-14.19809523809524
2014-05-01,-2.47,-2.1999999999999997,-322750.0,1090.0,-12.475238095238096
2014-06-01,-2.5,-2.1999999999999997,-311000.0,1018.0,-11.541428571428572
2014-07-01,-2.45,-2.1900000000000004,-313500.0,1010.0,-12.296363636363635
2014-08-01,-2.33,-2.2700000000000005,-301750.0,1076.0,-13.491904761904761
2014-09-01,-2.44,-2.27,-303750.0,1047.0,-13.466666666666667
2014-10-01,-2.21,-2.3900000000000006,-295000.0,1077.0,-18.058695652173913
2014-11-01,-2.24,-2.46,-288750.0,1094.0,-13.413157894736841
2014-12-01,-2.09,-2.5300000000000002,-294500.0,1059.0,-16.292272727272728
2015-01-01,-1.7699999999999998,-2.5700000000000003,-284500.0,1072.0,-19.1195
2015-02-01,-1.8699999999999999,-2.53,-286000.0,1049.0,-15.90421052631579
2015-03-01,-1.93,-2.5,-301250.0,1127.0,-14.812727272727273
2015-04-01,-1.8199999999999998,-2.5400000000000005,-284000.0,1072.0,-13.494761904761905
2015-05-01,-2.08,-2.6899999999999995,-286000.0,1166.0,-13.3385
2015-06-01,-2.23,-2.77,-275750.0,1272.0,-14.339545454545457
2015-07-01,-2.19,-2.8800000000000003,-273750.0,1379.0,-14.352727272727272
2015-08-01,-2.03,-3.0200000000000005,-277750.0,1140.0,-19.42809523809524
2015-09-01,-2.03,-3.17,-276500.0,1165.0,-24.377142857142857
2015-10-01,-1.9499999999999997,-3.27,-269500.0,1144.0,-16.789545454545454
2015-11-01,-2.1399999999999997,-3.2,-267000.0,1160.0,-16.21
2015-12-01,-2.0,-3.2199999999999998,-268500.0,1244.0,-18.025454545454547
2016-01-01,-1.7499999999999998,-3.3600000000000003,-271000.0,1211.0,-23.717894736842105
2016-02-01,-1.4,-3.5599999999999996,-281250.0,1171.0,-22.517
2016-03-01,-1.5299999999999998,-3.24,-266750.0,1172.0,-15.84909090909091
2016-04-01,-1.44,-2.98,-263250.0,1118.0,-14.300476190476191
2016-05-01,-1.44,-2.8699999999999997,-264250.0,1160.0,-14.852857142857141
2016-06-01,-1.2599999999999998,-2.8900000000000006,-274500.0,1205.0,-17.774545454545457
2016-07-01,-1.1099999999999999,-2.7199999999999998,-265250.0,1208.0,-13.1585
2016-08-01,-1.1600000000000001,-2.68,-260500.0,1198.0,-12.399565217391304
2016-09-01,-1.23,-2.6799999999999997,-263500.0,1201.0,-14.21952380952381
2016-10-01,-1.3599999999999999,-2.62,-251500.0,1303.0,-14.585238095238097
2016-11-01,-1.7300000000000002,-2.57,-258500.0,1254.0,-15.236190476190476
2016-12-01,-1.9500000000000002,-2.34,-245750.0,1230.0,-12.472380952380954
2017-01-01,-1.7800000000000002,-2.23,-253250.0,1248.0,-11.6085
2017-02-01,-1.7599999999999998,-2.2199999999999998,-244000.0,1303.0,-11.530526315789475
2017-03-01,-1.69,-2.1999999999999997,-230250.0,1234.0,-11.89782608695652
2017-04-01,-1.4,-2.2700000000000005,-233750.0,1272.0,-13.136315789473684
2017-05-01,-1.3899999999999997,-2.25,-230750.0,1251.0,-10.862272727272726
2017-06-01,-1.15,-2.18,-239000.0,1208.0,-10.513636363636364
2017-07-01,-1.17,-2.07,-248000.0,1353.0,-10.2645
2017-08-01,-1.05,-2.0999999999999996,-249500.0,1256.0,-11.975652173913044
2017-09-01,-1.0500000000000003,-2.0999999999999996,-247750.0,1319.0,-10.437999999999999
2017-10-01,-1.21,-1.9600000000000004,-266250.0,1273.0,-10.125454545454545
2017-11-01,-1.1900000000000002,-1.9199999999999995,-242250.0,1356.0,-10.54047619047619
2017-12-01,-1.0999999999999999,-1.8199999999999998,-247750.0,1299.0,-10.2645
2018-01-01,-1.1700000000000002,-1.6799999999999997,-243000.0,1311.0,-11.062380952380952
2018-02-01,-1.44,-1.65,-235250.0,1317.0,-22.464736842105264
2018-03-01,-1.3299999999999998,-1.7999999999999998,-221000.0,1321.0,-19.023809523809526
2018-04-01,-1.1800000000000002,-1.7999999999999998,-225250.0,1385.0,-18.267619047619046
2018-05-01,-1.28,-1.85,-221500.0,1378.0,-14.124545454545455
2018-06-01,-1.09,-1.92,-221250.0,1338.0,-13.678095238095239
2018-07-01,-0.9800000000000002,-1.9,-222500.0,1345.0,-13.147619047619049
2018-08-01,-0.9800000000000002,-1.8799999999999994,-209500.0,1334.0,-12.54695652173913
2018-09-01,-1.05,-1.88,-208500.0,1273.0,-12.910526315789474
2018-10-01,-0.96,-1.9200000000000004,-206250.0,1314.0,-19.35217391304348
2018-11-01,-0.9199999999999999,-2.0999999999999996,-213000.0,1272.0,-19.38904761904762
2018-12-01,-0.56,-2.3,-225250.0,1340.0,-24.953157894736844
2019-01-01,-0.31000000000000005,-2.41,-222750.0,1317.0,-19.57238095238095
2019-02-01,-0.28000000000000025,-2.27,-222750.0,1254.0,-15.234736842105262
2019-03-01,-0.1599999999999997,-2.27,-222500.0,1286.0,-14.485238095238095
2019-04-01,-0.10999999999999988,-2.1700000000000004,-210750.0,1295.0,-12.949047619047619
2019-05-01,-0.009999999999999787,-2.23,-209750.0,1322.0,-16.721818181818183
2019-06-01,0.31000000000000005,-2.39,-218500.0,1347.0,-15.836000000000002
2019-07-01,0.33999999999999986,-2.22,-225750.0,1299.0,-13.305909090909092
2019-08-01,0.5,-2.24,-208500.0,1379.0,-18.97909090909091
2019-09-01,0.3400000000000001,-2.21,-211750.0,1482.0,-15.559000000000001
2019-10-01,0.1200000000000001,-2.21,-209500.0,1469.0,-15.466521739130435
2019-11-01,-0.26,-2.13,-212250.0,1523.0,-12.5235
2019-12-01,-0.31000000000000005,-2.0199999999999996,-227000.0,1535.0,-13.756666666666666
2020-01-01,-0.20999999999999996,-2.01,-236000.0,1443.0,-13.94095238095238
2020-02-01,0.08000000000000007,-2.11,-215500.0,1495.0,-19.628947368421052
2020-03-01,-0.21999999999999997,-3.42,-211000.0,1455.0,-57.73681818181819
2020-04-01,-0.61,-3.4699999999999998,-2335250.0,1346.0,-41.453809523809525
2020-05-01,-0.62,-3.2800000000000002,-4663250.0,1076.0,-30.897000000000002
2020-06-01,-0.65,-2.91,-2017750.0,1250.0,-31.119545454545456
2020-07-01,-0.53,-2.69,-1490250.0,1334.0,-26.840454545454545
2020-08-01,-0.55,-2.62,-1383500.0,1546.0,-22.88952380952381
2020-09-01,-0.5900000000000001,-2.6799999999999997,-892000.0,1533.0,-27.64761904761905
2020-10-01,-0.7000000000000001,-2.65,-851750.0,1636.0,-29.438636363636363
2020-11-01,-0.78,-2.4299999999999997,-798000.0,1613.0,-24.9955
2020-12-01,-0.8400000000000001,-2.23,-751250.0,1703.0,-22.37409090909091
2021-01-01,-0.9900000000000001,-2.16,-836750.0,1752.0,-24.91
2021-02-01,-1.18,-2.16,-834000.0,1855.0,-23.140526315789476
2021-03-01,-1.54,-2.13,-755000.0,1711.0,-21.84304347826087
2021-04-01,-1.5699999999999998,-1.9600000000000002,-669250.0,1756.0,-17.416190476190476
2021-05-01,-1.56,-2.0,-589000.0,1721.0,-19.7605
2021-06-01,-1.44,-1.92,-457250.0,1703.0,-16.956818181818182
2021-07-01,-1.22,-1.9200000000000002,-409500.0,1654.0,-17.603333333333335
2021-08-01,-1.19,-1.9600000000000002,-369750.0,1658.0,-17.472727272727273
2021-09-01,-1.29,-1.8599999999999999,-359750.0,1736.0,-19.824761904761903
2021-10-01,-1.5,-1.77,-354750.0,1640.0,-17.871428571428574
