,macro_indicator,l1_trend,slope,regime
1967-02-01,1.5298405805038855,1.2745053091205143,0.00940630740984627,Expansion
1967-03-01,1.2436353984608166,1.2933179239402068,0.018813538617932224,Expansion
1967-04-01,1.1454860828365758,1.3121323863563787,0.018815850119105915,Expansion
1967-05-01,1.251945275833645,1.3309496241784187,0.02077097627375446,Expansion
1967-06-01,1.2635090563902738,1.3536743389038877,0.022720136802821367,Expansion
1967-07-01,1.40468212877576,1.3763898977840614,0.022704573236308367,Expansion
1967-08-01,1.4431884020821795,1.3990834853765044,0.022675752842365005,Expansion
1967-09-01,1.487876024281071,1.4217414034687914,0.022634123703255904,Expansion
1967-10-01,1.4925204152120783,1.4443517327830162,0.022582722926002274,Expansion
1967-11-01,1.508262705502342,1.466906849320796,0.02252700925931317,Expansion
1967-12-01,1.4948197305838873,1.4894057513016425,0.022474659477433878,Expansion
1968-01-01,1.4722543692609187,1.5118561682756637,0.022435340890331057,Expansion
1968-02-01,1.3521305384117874,1.5342764330823047,0.031662413909976816,Expansion
1968-03-01,1.6189277275886371,1.5751809960956173,0.04092675595010675,Expansion
1968-04-01,1.6500052008348125,1.6161299449825182,0.04099664015543536,Expansion
1968-05-01,1.8380952357811986,1.657174276406488,0.041117665453519914,Expansion
1968-06-01,1.652354501877071,1.698365275889558,0.04128717859976039,Expansion
1968-07-01,1.6009016890186993,1.7397486336060088,0.041516737547133364,Expansion
1968-08-01,1.7808519904268931,1.7813987509838247,0.0417842395177761,Expansion
1968-09-01,1.8079327443404254,1.823317112641561,0.04206441236763114,Expansion
1968-10-01,1.967043389755284,1.865527575719087,0.042359471819166994,Expansion
1968-11-01,1.8734251358316323,1.908036056279895,0.042651733248533996,Expansion
1968-12-01,1.9327647054997088,1.950831042216155,0.0429248792817144,Expansion
1969-01-01,1.8174878890988104,1.9938858148433238,0.04316522280961599,Expansion
1969-02-01,2.0714137159705883,2.037161487835387,0.04336247371037938,Expansion
1969-03-01,2.037866671042076,2.0806107622640826,0.04351047353618487,Expansion
1969-04-01,2.0239387410895953,2.1241824349077567,0.04360792168296146,Expansion
1969-05-01,2.4160752904206975,2.1678266056300055,0.04365899588870281,Expansion
1969-06-01,2.3403731167213366,2.2115004266851623,0.037367998181817796,Expansion
1969-07-01,2.1430684191310023,2.242562601993641,0.031056978063473517,Expansion
1969-08-01,2.2321634186043324,2.2736143828121094,0.031047728633198268,Expansion
1969-09-01,2.4006904459353393,2.3046580592600376,-0.05001736169930915,Slowdown
1969-10-01,2.1751800690006196,2.173579659413491,-0.13107482894863942,Slowdown
1969-11-01,2.1040832493571315,2.042508401362759,-0.1310647959695601,Slowdown
1969-12-01,2.0201079198615934,1.9114500674743709,-0.13104979641961234,Slowdown
1970-01-01,1.9022481090887848,1.7804088085235341,-0.13103156018874684,Slowdown
1970-02-01,1.482009980113074,1.6493869470968772,-0.13101194611010625,Slowdown
1970-03-01,1.2914705136739024,1.5183849163033216,-0.13099279268266972,Slowdown
1970-04-01,1.4822428293691476,1.3874013617315377,-0.1309757488824238,Slowdown
1970-05-01,1.2401476742814013,1.256433418538474,-0.13096210179028878,Slowdown
1970-06-01,1.2552655226030032,1.1254771581509602,-0.130952617874873,Slowdown
1970-07-01,0.8634697380638963,0.994528182788728,-0.13094741240525642,Slowdown
1970-08-01,0.7677238776815258,0.8635823333404473,-0.12917343313508883,Slowdown
1970-09-01,0.7696667402924521,0.7361813165185503,-0.12740167958147036,Slowdown
1970-10-01,0.7556389429907394,0.6087789741775066,-0.12740302790368838,Slowdown
1970-11-01,0.42305519610554376,0.4813752607111736,-0.12740407813209906,Slowdown
1970-12-01,0.21424142340043695,0.3539708179133085,-0.02990523653527083,Slowdown
1971-01-01,0.5432373814122788,0.42156478764063193,0.06759409078318732,Expansion
1971-02-01,0.5508207806047857,0.4891589994796831,0.0675942975878894,Expansion
1971-03-01,0.2256351002462912,0.5567533828164107,0.09066363424714202,Expansion
1971-04-01,0.5797734303093592,0.6704862679739672,0.11373284694529329,Expansion
1971-05-01,0.8424117341799682,0.7842190767069973,0.11373276861599824,Expansion
1971-06-01,1.0515149475728782,0.8979518052059636,0.11373270639232297,Expansion
1971-07-01,1.2046640543314922,1.0116844894916432,0.06114811005685916,Expansion
1971-08-01,1.2012456572158317,1.020248025319682,0.008563546767158536,Expansion
1971-09-01,1.101052112995193,1.0288115830259603,0.008563570816199517,Expansion
1971-10-01,0.9834581934669231,1.037375166952081,0.008563593740857689,Expansion
1971-11-01,0.8902107870018183,1.0459387705076757,0.008563607854596644,Expansion
1971-12-01,0.9463391791253507,1.0545023826612743,0.030395041893274577,Expansion
1972-01-01,1.0556903604073329,1.1067288542942249,0.05725746830352041,Expansion
1972-02-01,1.2259626659773968,1.169017319268315,0.06228846507091823,Expansion
1972-03-01,1.2308149084124205,1.2313057844360613,0.062288465249026426,Expansion
1972-04-01,1.3278940479730756,1.293594249766368,0.06228846536752397,Expansion
1972-05-01,1.3161669652550958,1.3558827151711093,0.06954777447712857,Expansion
1972-06-01,1.3411112613863025,1.432689798720625,0.09847289203787635,Expansion
1972-07-01,1.4025559500826406,1.552828499246862,0.120138700528169,Expansion
1972-08-01,1.560449761999642,1.672967199776963,0.12013870053268205,Expansion
1972-09-01,1.9699252757861996,1.793105900312226,0.12013870053792619,Expansion
1972-10-01,2.0800360256943597,1.9132446008528154,0.12013870054286724,Expansion
1972-11-01,2.033069674612565,2.0333833013979605,0.12013870054671683,Expansion
1972-12-01,2.051769726024903,2.153522001946249,0.12013870054902553,Expansion
1973-01-01,2.4589263702399418,2.2736607024960116,0.09658094148768392,Expansion
1973-02-01,2.4533555014239377,2.346683884921617,0.0730231824251828,Expansion
1973-03-01,2.5091199547592713,2.419707067346377,0.07302318242418737,Expansion
1973-04-01,2.2732239012043185,2.4927302497699917,0.0730231824230918,Expansion
1973-05-01,2.310350924643395,2.565753432192561,0.0730231824222185,Expansion
1973-06-01,2.482438798184679,2.6387766146144287,0.0730231824217249,Expansion
1973-07-01,3.0745199248227557,2.7117997970360106,0.0227906575820791,Expansion
1973-08-01,2.8572908286201746,2.684357929778587,-0.11351464367204045,Slowdown
1973-09-01,2.615972898856575,2.4847705096919297,-0.1995874200866623,Slowdown
1973-10-01,2.341760223350445,2.2851830896052623,-0.19958742008667163,Slowdown
1973-11-01,1.887102639164187,2.0855956695185864,-0.1995874200866774,Slowdown
1973-12-01,1.7237888580341398,1.8860082494319075,-0.11632236898681203,Slowdown
1974-01-01,1.7424638304359052,1.8529509315449624,-0.013876931206103449,Slowdown
1974-02-01,1.6213163213042574,1.8582543870197006,0.005303455474749974,Expansion
1974-03-01,1.8136734750415433,1.8635578424944623,0.0053034554747869445,Expansion
1974-04-01,2.121392634456762,1.8688612979692745,0.005303455474838792,Expansion
1974-05-01,2.018942951238861,1.87416475344414,-0.03367796885459806,Slowdown
1974-06-01,1.8015053602441058,1.8015053602600783,-0.07696481318994342,Slowdown
1974-07-01,1.836331106108579,1.720235127064253,-0.281076861211926,Slowdown
1974-08-01,1.4779232372093491,1.2393516378362264,-0.48088348922963525,Slowdown
1974-09-01,0.75437462504295,0.7584681486049826,-0.48088348923502,Slowdown
1974-10-01,0.029828349853686265,0.27758465936618637,-0.4808834892439276,Slowdown
1974-11-01,-0.2302719327632487,-0.20329882988287265,-0.480883489253527,Contraction
1974-12-01,-0.7600269622757272,-0.6841823191408676,-0.4637147115777086,Contraction
1975-01-01,-1.1307282508478207,-1.1307282530382898,-0.28875572526761406,Contraction
1975-02-01,-1.357774194909535,-1.2616937696760957,-0.006931466141893439,Contraction
1975-03-01,-1.1830453182951761,-1.1445911853220767,0.11710258458339873,Recovery
1975-04-01,-0.9822187336925045,-1.0274886005092982,0.11710258537860396,Recovery
1975-05-01,-1.0227631588096457,-0.9103860145648688,0.11710258678885849,Recovery
1975-06-01,-0.896166932350706,-0.7932834269315813,0.11710258855677097,Recovery
1975-07-01,-0.5456086561204493,-0.6761808374513268,0.11710259016097357,Recovery
1975-08-01,-0.3061438198247108,-0.5590782466096341,0.07835098101026261,Recovery
1975-09-01,-0.31821403158793515,-0.5194788754308016,0.039599370020185765,Recovery
1975-10-01,-0.4863449932190332,-0.4798795065692626,0.039599366592614926,Recovery
1975-11-01,-0.48120879887763923,-0.44028014224557177,0.03959936155298058,Recovery
1975-12-01,-0.499392723546902,-0.40068078346330144,0.03959935661103439,Recovery
1976-01-01,-0.5963274775131895,-0.361081429023503,0.06143629611712159,Recovery
1976-02-01,-0.34521813629612624,-0.27780819122905825,0.0832732417919284,Recovery
1976-03-01,-0.21868023279419857,-0.1945349454396462,0.08327325431091932,Recovery
1976-04-01,-0.21248607693947763,-0.11126168260721961,0.08327327503077189,Recovery
1976-05-01,0.1135225706998535,-0.02798839537810241,0.08327330112105483,Expansion
1976-06-01,0.14233851209485798,0.05528491963489003,0.08327332776001037,Expansion
1976-07-01,0.1777439858964585,0.13855826014191833,0.08327334873512818,Expansion
1976-08-01,0.3197161024593923,0.2218316171051464,0.0819131559965048,Expansion
1976-09-01,0.4475184339277102,0.3023845721349279,0.0805529433192151,Expansion
1976-10-01,0.4864854461287107,0.3829375037435766,0.08055290841834317,Expansion
1976-11-01,0.39708298684532817,0.46349038897161426,0.08055285460503603,Expansion
1976-12-01,0.37516657928204555,0.5440432129536487,0.08055279316264066,Expansion
1977-01-01,0.591215661833229,0.6245959752968956,0.08055274104809529,Expansion
1977-02-01,0.6173044743663741,0.7051486950498392,0.09060102974961964,Expansion
1977-03-01,0.6563793291022542,0.8057980347961349,0.10064937327083445,Expansion
1977-04-01,0.8403324279633907,0.9064474415915081,0.10064947622128095,Expansion
1977-05-01,1.0985173085855857,1.0070969872386968,0.1006496431688782,Expansion
1977-06-01,1.0938356937430274,1.1077467279292645,0.10064985019360295,Expansion
1977-07-01,1.2497964860745059,1.2083966876259027,0.10065005900266744,Expansion
1977-08-01,1.3819297982102658,1.3090468459345994,0.10065022169619642,Expansion
1977-09-01,1.50480095735626,1.4096971310182955,0.07952781031533929,Expansion
1977-10-01,1.4850804737429706,1.468102466565278,0.05840524636338107,Expansion
1977-11-01,1.5097133712409707,1.5265076237450577,0.05840497304587766,Expansion
1977-12-01,1.6424069871721696,1.5849124126570333,0.05840452399861973,Expansion
1978-01-01,1.6555791817811698,1.6433166717422971,0.05840394277181493,Expansion
1978-02-01,1.6876935077940227,1.7017202982006632,0.05840329723441495,Expansion
1978-03-01,1.643245800088431,1.760123266211127,0.05840266619431966,Expansion
1978-04-01,1.6821114562352755,1.8185256305893025,0.058402124538153855,Expansion
1978-05-01,1.9786816994341443,1.8769275152874347,0.05840172870476967,Expansion
1978-06-01,1.8313768762241946,1.9353290879988418,0.05840150421635981,Expansion
1978-07-01,2.2189588957000783,1.9937305237201544,0.05223057410850429,Expansion
1978-08-01,1.983589041926177,2.0397902362158504,0.04605974113615041,Expansion
1978-09-01,2.026463340995358,2.085850005992455,0.04605979799220283,Expansion
1978-10-01,2.175537859039944,2.131909832200256,0.046059839762170984,Expansion
1978-11-01,2.188992169012332,2.177969685516797,0.02435852862443122,Expansion
1978-12-01,2.3660971849881376,2.1806268894491185,-0.011140138719139214,Slowdown
1979-01-01,2.332010870587825,2.1556894080785187,-0.02493748047310329,Slowdown
1979-02-01,2.01919124824796,2.130751928502912,-0.02493747859009887,Slowdown
1979-03-01,1.9387734384900024,2.105814450898321,-0.024937476843825968,Slowdown
1979-04-01,2.1170042134544627,2.08087697481526,-0.024937475708670886,Slowdown
1979-05-01,1.874176065883669,2.055939499480979,-0.0061182421050991476,Slowdown
1979-06-01,1.9742955088337144,2.0686404906050617,0.012700990923973254,Expansion
1979-07-01,2.018060794073836,2.0813414813289257,0.012700990473559548,Expansion
1979-08-01,2.036452970285585,2.094042471552181,0.0127009900237538,Expansion
1979-09-01,2.101375568399767,2.1067434613764333,0.012700989726861067,Expansion
1979-10-01,2.4885203141963834,2.119444451005903,-0.06544712110158968,Slowdown
1979-11-01,1.9601887109919502,1.975849219173254,-0.1435952317912792,Slowdown
1979-12-01,1.7482870501543442,1.8322539874233446,-0.14359523170931632,Slowdown
1980-01-01,1.5593878483731483,1.6886587557546213,-0.14359523164925825,Slowdown
1980-02-01,1.6879153001437701,1.545063524124828,-0.17796273468894253,Slowdown
1980-03-01,1.6366202231840539,1.3327332863767363,-0.4408326550659373,Slowdown
1980-04-01,0.997401430295546,0.6633982139929535,-0.6693350723828526,Slowdown
1980-05-01,-0.5856041009571238,-0.0059368583889688005,-0.6693350723813387,Contraction
1980-06-01,-0.8590263835491763,-0.675271930769724,-0.1593483914565964,Contraction
1980-07-01,-0.32587892267909147,-0.32463364130216166,0.3506382894672002,Recovery
1980-08-01,0.06670390854393743,0.02600464816467642,0.35063828946633635,Expansion
1980-09-01,0.24505354869357612,0.3766429376305111,0.35063828946536013,Expansion
1980-10-01,0.5717690255051171,0.7272812270953967,0.35063828946454956,Expansion
1980-11-01,1.3803307061644317,1.0779195165596103,0.35063828946406145,Expansion
1980-12-01,1.742848060552867,1.4285578060235196,0.14933120745740924,Expansion
1981-01-01,1.6548847431033864,1.3765819314744288,-0.05197587454903929,Slowdown
1981-02-01,1.0374335629635814,1.324606056925441,-0.05197587454895192,Slowdown
1981-03-01,0.7007152130124332,1.272630182376525,-0.003328312155472246,Slowdown
1981-04-01,1.1743146392455353,1.3179494326144965,0.04531925023795558,Expansion
1981-05-01,1.6911655260928113,1.363268682852436,0.04531925023792416,Expansion
1981-06-01,1.5327480725652642,1.4085879330903448,0.0453192502379014,Expansion
1981-07-01,1.4827473554441868,1.4539071833282389,-0.14981500074650822,Slowdown
1981-08-01,1.4026753570182773,1.1089579315973284,-0.4275418792622966,Slowdown
1981-09-01,0.6236757006654833,0.5988234248036457,-0.5101345067936831,Slowdown
1981-10-01,0.15783209002326554,0.08868891800996202,-0.5101345067936838,Slowdown
1981-11-01,-0.809158462079866,-0.4214455887837219,-0.3852012195403406,Contraction
1981-12-01,-0.8950861668707656,-0.6817135210707193,-0.11943727222387188,Contraction
1982-01-01,-0.7735137108909657,-0.6603201332314657,0.021393387839253097,Recovery
1982-02-01,-0.5558422852364469,-0.6389267453922131,0.021393387839251377,Recovery
1982-03-01,-0.5782470663032486,-0.6175333575529629,0.021393387839248657,Recovery
1982-04-01,-0.4043283930421605,-0.5961399697137157,0.021393387839245548,Recovery
1982-05-01,-0.5623626864920592,-0.5747465818744718,-0.08658560359981726,Contraction
1982-06-01,-0.4279284447208752,-0.7693111769133503,-0.220606653402262,Contraction
1982-07-01,-0.8931944380324891,-1.0159598886789958,-0.2466487117656594,Contraction
1982-08-01,-1.6294078253767232,-1.262608600444669,-0.2466487117657049,Contraction
1982-09-01,-1.5094861430541102,-1.5092573122104056,-0.24664871176577485,Contraction
1982-10-01,-1.8530261510421346,-1.7559060239762188,-0.03411758179001956,Contraction
1982-11-01,-1.6900701835507377,-1.5774924757904447,0.21650939653935564,Recovery
1982-12-01,-1.3356589599460567,-1.3228872308975075,0.2546052448924989,Recovery
1983-01-01,-1.1002611540266258,-1.0682819860054469,0.2546052448909053,Recovery
1983-02-01,-0.8099594884260926,-0.8136767411156969,0.25460524488788844,Recovery
1983-03-01,-0.5083283446896711,-0.55907149622967,0.2546052448836836,Recovery
1983-04-01,-0.2789021878534626,-0.3044662513483297,0.2546052448788853,Recovery
1983-05-01,-0.09011670059665422,-0.04986100647189937,0.2546052448742917,Recovery
1983-06-01,0.16890334015386305,0.20474423840025366,0.254605244870725,Expansion
1983-07-01,0.6127502126896822,0.4593494832695506,0.22834331602486535,Expansion
1983-08-01,0.8905925325557921,0.6614308704499844,0.12466952407330395,Expansion
1983-09-01,0.7095713575470074,0.7086885314161585,0.04725766095618822,Expansion
1983-10-01,0.6341904318973053,0.7559461923623608,0.047257660919894084,Expansion
1983-11-01,0.7384258224991971,0.8032038532559467,0.04725766085101152,Expansion
1983-12-01,0.7308845018137804,0.8504615140643839,0.047257660754394915,Expansion
1984-01-01,0.7009802005340975,0.8977191747647365,0.04725766064279696,Expansion
1984-02-01,0.9766366964719961,0.9449768353499778,0.047257660533268075,Expansion
1984-03-01,1.2422297266063165,0.9922344958312727,0.047257660442996785,Expansion
1984-04-01,1.0008040098547732,1.0394921562359714,0.04725766038522822,Expansion
1984-05-01,1.1732338001387745,1.086749816601729,-0.011328466432168227,Slowdown
1984-06-01,1.0730832871808897,1.016835223371635,-0.06991459321464683,Slowdown
1984-07-01,1.0367494655725389,0.9469206301724354,-0.06991459317402471,Slowdown
1984-08-01,0.8540840663749983,0.8770060370235855,-0.06991459312022014,Slowdown
1984-09-01,0.8654010741493999,0.8070914439319952,-0.06991459306553355,Slowdown
1984-10-01,0.6749454039922473,0.7371768508925184,-0.0699145930207104,Slowdown
1984-11-01,0.5253321071022242,0.6672622578905744,-0.06991459299290353,Slowdown
1984-12-01,0.47496363028964234,0.5973476649067113,-0.04530447517358743,Slowdown
1985-01-01,0.5232296668068369,0.5766533075433995,-0.02069435736876768,Slowdown
1985-02-01,0.7490787410634274,0.555958950169176,-0.020694357381557893,Slowdown
1985-03-01,0.5750994055802233,0.5352645927802837,-0.02069435739529646,Slowdown
1985-04-01,0.5114129700346968,0.514570235378583,-0.020694357405268676,Slowdown
1985-05-01,0.28300657881756036,0.49387587796974636,0.003464998910475081,Expansion
1985-06-01,0.426507587884206,0.5215002331995332,0.027624355232912706,Expansion
1985-07-01,0.5829854349431893,0.5491245884355718,0.027624355241367526,Expansion
1985-08-01,0.5542382188789716,0.5767489436822683,0.027624355253074995,Expansion
1985-09-01,0.6390328644128265,0.6043732989417218,0.02762435526566215,Expansion
1985-10-01,0.7834828052173727,0.6319976542135926,0.02762435527686119,Expansion
1985-11-01,0.6548534996249256,0.6596220094954441,0.02762435528497781,Expansion
1985-12-01,0.6614750161227679,0.6872463647835482,0.027624355289307623,Expansion
1986-01-01,0.7658394212747117,0.7148707200740594,-0.008496726998605098,Slowdown
1986-02-01,0.825709595012016,0.670252910786338,-0.05359117628099397,Slowdown
1986-03-01,0.575778602835177,0.6076883675120714,-0.06256454327382122,Slowdown
1986-04-01,0.3621591367245225,0.5451238242386955,-0.0625645432724167,Slowdown
1986-05-01,0.6389682946420677,0.48255928096723805,-0.06256454327003899,Slowdown
1986-06-01,0.5859059254679244,0.41999473769861756,-0.06256454326693692,Slowdown
1986-07-01,0.3338421910457634,0.3574301944333642,-0.06256454326360442,Slowdown
1986-08-01,0.23675727599191704,0.2948656511714087,-0.06256454326070518,Slowdown
1986-09-01,0.051095053109088795,0.23230110791195385,-0.007612877923386524,Slowdown
1986-10-01,0.1577833003864484,0.2796398953246357,0.05536175810927055,Expansion
1986-11-01,0.1516398885877781,0.34302462413049495,0.06338472882396523,Expansion
1986-12-01,0.3838249057248671,0.40640935297256614,0.06338472888811586,Expansion
1987-01-01,0.6851442850491404,0.46979408190672667,0.0633847290068115,Expansion
1987-02-01,0.5946470271276451,0.5331788109861891,0.06338472916798066,Expansion
1987-03-01,0.6125980266562159,0.596563540242688,0.06338472934239225,Expansion
1987-04-01,0.6963006487603228,0.6599482696709736,0.06338472948732476,Expansion
1987-05-01,0.7397694539469453,0.7233329992173375,-0.019159290149258268,Slowdown
1987-06-01,0.6019977673668452,0.6216296893724571,-0.10170330992602478,Slowdown
1987-07-01,0.584895745581328,0.519926379365288,-0.13448321261927512,Slowdown
1987-08-01,0.5640551661840021,0.35266326413390686,-0.16726311485289014,Slowdown
1987-09-01,0.5971561204769038,0.18540014965950766,-0.1672631138977824,Slowdown
1987-10-01,-0.6797032238159685,0.018137036338342072,-0.08746571659378265,Contraction
1987-11-01,0.007026996392359763,0.010468716471942365,-0.007668321538558758,Slowdown
1987-12-01,0.06830079196425479,0.0028003932612245563,-0.00766832565375854,Slowdown
1988-01-01,-0.15824626828760158,-0.0048679348355747136,0.05876556309231841,Recovery
1988-02-01,0.03578969406110294,0.12033151944586136,0.12519946169640375,Expansion
1988-03-01,0.4270054133315782,0.24553098855723277,0.1251994865185456,Expansion
1988-04-01,0.41502984590167835,0.37073049248295253,0.1251995312385131,Expansion
1988-05-01,0.5191280336957274,0.49593005103425897,0.12519959352503174,Expansion
1988-06-01,0.57357984043042,0.621129679533016,0.12519966735235663,Expansion
1988-07-01,0.6763866746174735,0.7463293857389722,0.12519974441811954,Expansion
1988-08-01,0.7547981855499445,0.8715291683692551,0.125199815823884,Expansion
1988-09-01,0.9202708894881636,0.9967290173867402,0.12519987382942038,Expansion
1988-10-01,1.1903838286886177,1.1219289160280959,0.12519991347814208,Expansion
1988-11-01,1.3563426548518716,1.2471288443430244,0.1251999339175094,Expansion
1988-12-01,1.451770387755798,1.3723287838631146,0.12369701210049944,Expansion
1989-01-01,1.4945229202372408,1.4945228685440233,0.08899170706354709,Expansion
1989-02-01,1.5503121782785345,1.5503121979902088,0.030602899693618513,Expansion
1989-03-01,1.6225125293675444,1.5557286679312603,-0.027372128865256973,Slowdown
1989-04-01,1.3976466001101813,1.4955679402596949,-0.0601607276290137,Slowdown
1989-05-01,1.4891011025781085,1.435407212673233,-0.06016072750736878,Slowdown
1989-06-01,1.3814915477788836,1.3752464852449573,-0.060160727326713404,Slowdown
1989-07-01,1.2813715280366087,1.315085758019806,-0.06016072712506082,Slowdown
1989-08-01,1.1777462908589345,1.2549250309948357,-0.06016072695712116,Slowdown
1989-09-01,1.3260600075002662,1.1947643041055638,-0.10564707973778176,Slowdown
1989-10-01,0.9713027823424227,1.0436308715192721,-0.15113343268813645,Slowdown
1989-11-01,1.0767552441691821,0.8924974387292909,-0.15113343300086796,Slowdown
1989-12-01,1.0370169232505773,0.7413640055175362,-0.15113343351102215,Slowdown
1990-01-01,0.09221678184895576,0.5902305717072466,-0.15113343415731498,Slowdown
1990-02-01,0.4042397500885472,0.4390971372029063,-0.15113343484823752,Slowdown
1990-03-01,0.19487322530285628,0.28796370201077154,-0.15113343548302252,Slowdown
1990-04-01,0.1077253822098202,0.13683026623686123,-0.15113343597408935,Slowdown
1990-05-01,0.02474125388570475,-0.014303169937407122,-0.15113343626767725,Slowdown
1990-06-01,0.04437067839832101,-0.16543660629849327,-0.16515432071783914,Slowdown
1990-07-01,-0.026857089831181624,-0.34461181137308544,-0.17917520502186832,Contraction
1990-08-01,-0.5888419880150564,-0.5237870163422299,-0.17917520490088765,Contraction
1990-09-01,-0.7604455911337907,-0.7029622211748607,-0.17917520477572496,Contraction
1990-10-01,-1.095884703904415,-0.8821374258936798,-0.17917520468896575,Contraction
1990-11-01,-1.1046431053796315,-1.0613126305527922,-0.15937630501688294,Contraction
1990-12-01,-1.178311308643996,-1.2008900359274457,-0.13957740539330465,Contraction
1991-01-01,-1.5796970386554499,-1.3404674413394015,-0.004808970334486906,Contraction
1991-02-01,-1.2952190195326636,-1.2105079765964195,0.1299594648182263,Recovery
1991-03-01,-0.9793662796818692,-1.080548511702949,0.12995946505905392,Recovery
1991-04-01,-0.8936055361736439,-0.9505890464783117,0.1299594654495001,Recovery
1991-05-01,-0.7595979648165151,-0.8206295808039488,0.12995946588699453,Recovery
1991-06-01,-0.5972161777790705,-0.6906701147043226,0.08892341656040076,Recovery
1991-07-01,-0.5693676833721637,-0.6427827476831472,0.0018843715536018268,Recovery
1991-08-01,-0.5225072569972316,-0.686901371597119,-0.0441186210409969,Contraction
1991-09-01,-0.7164523836010382,-0.731019989765141,-0.0441186114476797,Contraction
1991-10-01,-0.7546636925729769,-0.7751385944924783,-0.0441185957415649,Contraction
1991-11-01,-0.9285617021160829,-0.8192571812482708,-0.04411857929636631,Contraction
1991-12-01,-1.1231205088679723,-0.863375753085211,-0.02126623916548559,Contraction
1992-01-01,-1.0458417140415945,-0.861789659579242,0.0015860788964239814,Recovery
1992-02-01,-0.8817248554152317,-0.860203595292363,0.0015860322414066874,Recovery
1992-03-01,-0.7355851453973185,-0.8586175950964287,0.0015859525233831162,Recovery
1992-04-01,-0.7839652991544969,-0.8570316902455968,0.001585846917938727,Recovery
1992-05-01,-0.6858624459491087,-0.8554459012605512,0.001585728367303807,Recovery
1992-06-01,-0.7101343181940711,-0.8538602335109892,0.0015856125678527233,Recovery
1992-07-01,-0.8214077115952301,-0.8522746761248458,0.001585514530276999,Recovery
1992-08-01,-0.8544500322680537,-0.8506892044504352,0.0015854451374398004,Recovery
1992-09-01,-0.8660151824074394,-0.8491037858499662,0.0015854081259997765,Recovery
1992-10-01,-1.1590723394459863,-0.8475183881984356,0.023360908296038485,Recovery
1992-11-01,-0.8375930096906065,-0.8023819692578892,0.045136418811755175,Recovery
1992-12-01,-0.6917068276333367,-0.7572455505749253,0.045136411813877675,Recovery
1993-01-01,-0.5797063260709426,-0.7121091456301338,0.04513638964438854,Recovery
1993-02-01,-0.634211367093041,-0.6669727712861482,0.045136353901513104,Recovery
1993-03-01,-0.6083360237256025,-0.6218364378271076,0.045136316314833724,Recovery
1993-04-01,-0.6971764613798468,-0.5767001386564807,0.04894670567917042,Recovery
1993-05-01,-0.7029905472171317,-0.5239430264687668,0.052757147770045615,Recovery
1993-06-01,-0.5474866173328913,-0.4711858431163895,0.05275725905849818,Recovery
1993-07-01,-0.4465022635017968,-0.4184285083517704,0.05275744066004143,Recovery
1993-08-01,-0.26070994353872856,-0.36567096179630665,0.05275765891579698,Recovery
1993-09-01,-0.2069386664997917,-0.31291319052017647,0.052757853311157205,Recovery
1993-10-01,-0.142597482612435,-0.26015525517399224,0.05108324336152423,Recovery
1993-11-01,-0.29047567024928556,-0.210746703797128,0.049408413917073166,Recovery
1993-12-01,-0.06616001926933571,-0.1613384273398459,0.047063397439874255,Recovery
1994-01-01,0.10442560075495813,-0.1166199089173795,0.044719254014315736,Expansion
1994-02-01,-0.06398356411514086,-0.07189991931121444,0.04472185639259221,Recovery
1994-03-01,-0.21747238931265062,-0.027176196132195074,0.04472690311823191,Recovery
1994-04-01,-0.16968708366021823,0.017553886925249382,0.04473456281053745,Recovery
1994-05-01,0.14234534826736053,0.062292929488879815,0.04474463764022412,Expansion
1994-06-01,0.12897843069936318,0.10704316220569762,0.04475662149304302,Expansion
1994-07-01,0.16852494645135951,0.15180617247496586,0.04476977647727713,Expansion
1994-08-01,0.22963420679085225,0.1965827151602519,0.04478322393149686,Expansion
1994-09-01,0.2033351579138459,0.2413726203379596,0.04479604432781448,Expansion
1994-10-01,0.13555758582451122,0.28617480381588084,0.04480737939617857,Expansion
1994-11-01,0.20195092112155352,0.33098737913031673,0.044816529484702994,Expansion
1994-12-01,0.39528532761670093,0.37580786278528683,0.04482303963660636,Expansion
1995-01-01,0.5728216893894719,0.42063345840352945,0.04482676906992067,Expansion
1995-02-01,0.5726022865722963,0.46546140092512817,0.024402031541696706,Expansion
1995-03-01,0.47468334164383286,0.46943752148692286,0.003975350852292392,Expansion
1995-04-01,0.4412159901428918,0.47341210262971295,0.003973399873857947,Expansion
1995-05-01,0.5205141052833605,0.47738432123463875,0.00397092483642994,Expansion
1995-06-01,0.4928958682072374,0.48135395230257283,0.00396845773617166,Expansion
1995-07-01,0.4196199379306687,0.4853212367069821,0.003966388531191883,Expansion
1995-08-01,0.4193760315078941,0.4892867293649566,0.00396494648446305,Expansion
1995-09-01,0.5679134201241813,0.4932511296759082,0.0039641845439827295,Expansion
1995-10-01,0.5108257537618197,0.49721509845292206,-0.007262121180789005,Slowdown
1995-11-01,0.5781159083050824,0.47872688731433016,-0.023351167767980713,Slowdown
1995-12-01,0.6170181337451931,0.45051276291696063,-0.02821516661378179,Slowdown
1996-01-01,0.5298462481916922,0.4222965540867666,-0.02821855668583287,Slowdown
1996-02-01,0.27173618115577486,0.3940756495452949,-0.02822403292989109,Slowdown
1996-03-01,0.124941822311746,0.3658484882269844,-0.028229765617918706,Slowdown
1996-04-01,0.17896377318912907,0.3376161183094575,-0.018522412321630516,Slowdown
1996-05-01,0.3269295591829309,0.32880366358372337,-0.008807017405599693,Slowdown
1996-06-01,0.35704260840133,0.3200020834982581,-0.008788686124103273,Slowdown
1996-07-01,0.29290601389974574,0.3112262913355168,-0.008754238270928222,Slowdown
1996-08-01,0.40088783867576094,0.30249360695640165,-0.008702046488082593,Slowdown
1996-09-01,0.32025897226315747,0.29382219835935164,-0.008631987077806658,Slowdown
1996-10-01,0.33083263197725243,0.28522963280078834,-0.008545307356107479,Slowdown
1996-11-01,0.3678971317966464,0.2767315836471367,-0.008444447599088994,Slowdown
1996-12-01,0.22517470451178412,0.26834073760261035,-0.00833282075078956,Slowdown
1997-01-01,0.18577586744884772,0.26006594214555756,-0.008214556092280112,Slowdown
1997-02-01,0.156947766931063,0.2519116254180501,-0.008094215543544489,Slowdown
1997-03-01,0.2530050554735604,0.24387751105846858,-0.007976493090538453,Slowdown
1997-04-01,0.2892899865664761,0.23595863923697322,-0.007865908930150142,Slowdown
1997-05-01,0.252530957421762,0.2281456931981683,-0.00776651026249503,Slowdown
1997-06-01,0.2697914806040934,0.22042561871198316,-0.007681590219453541,Slowdown
1997-07-01,0.2799666738021738,0.21278251275926122,-0.007613435217276129,Slowdown
1997-08-01,0.1848489258123529,0.2051987482774309,-0.007563109105341817,Slowdown
1997-09-01,0.18008623153127679,0.19765629454857758,-0.007530279924865671,Slowdown
1997-10-01,0.23555151490713222,0.19013818842769956,-0.007513091983953724,Slowdown
1997-11-01,-0.15658805318639157,0.18263011058067014,0.019188078425980665,Recovery
1997-12-01,0.15551168087918676,0.22851434527966089,0.04588218422214349,Expansion
1998-01-01,0.2290319541989433,0.2743944790249571,0.04587804828792995,Expansion
1998-02-01,0.47305259934385196,0.3202704418555208,0.04587488627249303,Expansion
1998-03-01,0.5474289669336313,0.3661442515699432,0.04034623287719122,Expansion
1998-04-01,0.3910919143080862,0.4009629076099032,0.0348188367554062,Expansion
1998-05-01,0.44071332410119807,0.4357819250807556,-0.015680239249346584,Slowdown
1998-06-01,0.4657487588270977,0.36960242911121005,-0.15285404970186692,Slowdown
1998-07-01,0.4729126762556347,0.13007382567702175,-0.23952860346780536,Slowdown
1998-08-01,-0.14090666992272072,-0.10945477782440063,-0.23952860516278537,Contraction
1998-09-01,-0.6991736970847177,-0.348983384648549,-0.23952860915532082,Contraction
1998-10-01,-1.0169141937714756,-0.5885119961350422,-0.09522049274549568,Contraction
1998-11-01,-0.34354342629509177,-0.5394243701395404,0.049087632802848225,Recovery
1998-12-01,-0.40517559100147155,-0.4903367305293458,0.049087654575877854,Recovery
1999-01-01,-0.48977435679897463,-0.44124906098778466,0.04908769057939358,Recovery
1999-02-01,-0.43982275531830745,-0.39216134937055863,0.04908773371654607,Recovery
1999-03-01,-0.19585779448365753,-0.3430735935546925,0.04908777158306754,Recovery
1999-04-01,-0.15846237170843996,-0.29398580620442355,0.04487484172905176,Recovery
1999-05-01,-0.3528997573367179,-0.253323910096589,0.04066187015725839,Recovery
1999-06-01,-0.19290919881327973,-0.21266206588990677,0.04066178900058759,Recovery
1999-07-01,0.05640129067809202,-0.17200033209541382,0.04066165314516566,Expansion
1999-08-01,-0.20167479428593743,-0.13133875959957544,0.04066147572141118,Recovery
1999-09-01,-0.22995539848339908,-0.09067738065259145,0.04066127884671261,Recovery
1999-10-01,-0.3533894011691583,-0.05001620190615023,0.04066108917514866,Recovery
1999-11-01,0.0493584655936149,-0.00935520230229413,0.04066093296759736,Expansion
1999-12-01,0.15191522876660674,0.03130566402904449,0.04066083135134803,Expansion
2000-01-01,0.25869097323053547,0.07196646040040192,0.010055067799611777,Expansion
2000-02-01,0.27273371870747587,0.05141579962826805,-0.020550628518637773,Slowdown
2000-03-01,0.0821632200969673,0.03086520336312637,-0.02055053906007588,Slowdown
2000-04-01,-0.31533519763909573,0.010314721508116284,-0.02055041056989103,Contraction
2000-05-01,-0.40636648127564245,-0.010235617776655685,-0.020550267018483063,Contraction
2000-06-01,-0.024532310225117426,-0.030785812528849838,-0.02055013509892941,Contraction
2000-07-01,0.15554298419389717,-0.05133588797451451,-0.02055004074626591,Slowdown
2000-08-01,0.14318942153578218,-0.07188589402138165,-0.05212948951646169,Slowdown
2000-09-01,-0.03975958050690537,-0.15559486700743788,-0.08370901362151395,Contraction
2000-10-01,-0.3250277038739314,-0.23930392126440955,-0.08370913385576044,Contraction
2000-11-01,-0.3454955083531373,-0.32301313471895876,-0.08370932331958393,Contraction
2000-12-01,-0.4671191008038738,-0.4067225679035774,-0.08370955957415124,Contraction
2001-01-01,-0.5350444688818385,-0.49043225386726125,-0.08370981268739225,Contraction
2001-02-01,-0.38338005136230424,-0.5741421932783619,-0.08371005081202335,Contraction
2001-03-01,-0.8803163696988371,-0.6578523554913079,-0.08371024615379247,Contraction
2001-04-01,-1.0278892202177223,-0.7415626855859468,-0.08371038058068597,Contraction
2001-05-01,-0.7343423278422169,-0.8252731166526799,-0.08371045022091789,Contraction
2001-06-01,-0.6617217682532853,-0.9089835860277826,-0.1228026174086605,Contraction
2001-07-01,-0.8395054373613898,-1.0708783514700009,-0.20601979061176023,Contraction
2001-08-01,-0.9372756895596721,-1.321023167251303,-0.250144816589583,Contraction
2001-09-01,-2.0327820557017633,-1.5711679846491668,-0.2501448178850426,Contraction
2001-10-01,-2.1458722574817655,-1.8213128030213883,-0.06355174943012254,Contraction
2001-11-01,-1.833676068841192,-1.698271483509412,0.12304131976678467,Recovery
2001-12-01,-1.5359489606457988,-1.575230163487819,0.12304132032581971,Recovery
2002-01-01,-1.2697055781037772,-1.4521888428577725,0.12304132085707797,Recovery
2002-02-01,-1.4150741938352134,-1.329147521773663,0.12304132118168831,Recovery
2002-03-01,-1.0354863866620432,-1.2061062004943959,0.02928446648842653,Recovery
2002-04-01,-1.1827204684192807,-1.27057858879681,-0.12697681705813602,Contraction
2002-05-01,-1.3046751712409714,-1.460059834610668,-0.18948124580799797,Contraction
2002-06-01,-1.5276752703569558,-1.649541080412806,-0.18948124579605918,Contraction
2002-07-01,-2.0542863501164916,-1.8390223262027863,-0.18948124578562564,Contraction
2002-08-01,-2.0244022063671747,-2.028503571984057,-0.1894812457793832,Contraction
2002-09-01,-2.3719307526526783,-2.2179848177615527,-0.09596481580132954,Contraction
2002-10-01,-2.3878110739084306,-2.2204332035867163,0.07983805213331263,Recovery
2002-11-01,-1.9462500489479426,-2.0583087134949274,0.16212449009314556,Recovery
2002-12-01,-1.8428568870469402,-1.8961842234004251,0.16212449009789842,Recovery
2003-01-01,-1.6240377778767683,-1.7340597332991305,0.16212449010667562,Recovery
2003-02-01,-1.7845129495713463,-1.571935243187074,0.16212449011878072,Recovery
2003-03-01,-1.6465669585006761,-1.409810753061569,0.1621244901325256,Recovery
2003-04-01,-1.2367886187369341,-1.2476862629220227,0.16212449014564856,Recovery
2003-05-01,-0.862239103813216,-1.085561772770272,0.16212449015579256,Recovery
2003-06-01,-0.8163537697359275,-0.9234372826104376,0.15463617982633399,Recovery
2003-07-01,-0.7155951219178998,-0.776289413117604,0.12986769558698258,Recovery
2003-08-01,-0.7270440228194148,-0.6637018914364724,0.11258752170771147,Recovery
2003-09-01,-0.5786487899875707,-0.5511143697021811,0.11258752179093895,Recovery
2003-10-01,-0.43620877898408,-0.4385268478545945,0.1125875219056208,Recovery
2003-11-01,-0.27301583623734405,-0.3259393258909395,0.08980406012332773,Recovery
2003-12-01,-0.27915512159407085,-0.25891872760793905,0.06702059814792857,Recovery
2004-01-01,-0.10461896145280442,-0.19189812959508235,0.06702059771070118,Recovery
2004-02-01,-0.03927565665490661,-0.1248775321865367,0.067020596958689,Recovery
2004-03-01,-0.13659521795348406,-0.057856935677704356,0.06702059596870849,Recovery
2004-04-01,0.12134118387698359,0.00916365975088027,0.06702059487794224,Expansion
2004-05-01,-0.0035188758735320014,0.07618425407818011,0.0670205938493083,Recovery
2004-06-01,0.20029299253182703,0.14320484744949685,0.06702059303330417,Expansion
2004-07-01,0.09193189224529377,0.21022544014478844,0.06702059253202403,Expansion
2004-08-01,0.15515012096689937,0.2772460325135449,0.08791667910056863,Expansion
2004-09-01,0.3506299138231094,0.3860587983459257,0.10881276593964631,Expansion
2004-10-01,0.3566122219392134,0.4948715643928375,0.108812766202874,Expansion
2004-11-01,0.5882486779560426,0.6036843307516737,0.10881276651354183,Expansion
2004-12-01,0.7508136104501644,0.7124970974199212,0.10881276678395696,Expansion
2005-01-01,0.8323331164195353,0.8213098643195876,0.10881276695626657,Expansion
2005-02-01,1.1361238392876827,0.9301226313324543,0.07890790424724226,Expansion
2005-03-01,1.1098922207080668,0.9791256728140721,0.04900304144833029,Expansion
2005-04-01,0.9048515169535728,1.028128714229115,0.04900304137112371,Expansion
2005-05-01,0.9903709119812563,1.0771317555563196,0.04900304128968891,Expansion
2005-06-01,1.0746426902275124,1.1261347968084927,0.04900304123188759,Expansion
2005-07-01,1.2917296291759248,1.1751378380200947,0.039515200668692074,Expansion
2005-08-01,1.3092003921888344,1.2051651981458769,0.03002736014164864,Expansion
2005-09-01,1.2860736452880939,1.235192558303392,0.030027360183039753,Expansion
2005-10-01,1.078122723728599,1.2652199185119564,0.030027360237310563,Expansion
2005-11-01,1.213994886528555,1.2952472787780132,0.030027360292000704,Expansion
2005-12-01,1.3962175637234862,1.3252746390959578,0.030027360336482234,Expansion
2006-01-01,1.3256572941126492,1.3553019994509776,0.030027360363872657,Expansion
2006-02-01,1.528951109026315,1.385329359823703,-0.0029796414980010066,Slowdown
2006-03-01,1.5061174611410795,1.3493427164549756,-0.03598664337386992,Slowdown
2006-04-01,1.4445727497017335,1.3133560730759632,-0.03598664338576352,Slowdown
2006-05-01,1.2299367379084538,1.2773694296834486,-0.03598664339823865,Slowdown
2006-06-01,0.9571456967600316,1.241382786279486,-0.03598664340702262,Slowdown
2006-07-01,1.1020920052632557,1.2053961428694033,-0.024999219440233755,Slowdown
2006-08-01,1.0990230901261433,1.1913843473990184,-0.014011795468107269,Slowdown
2006-09-01,1.1626813146606736,1.1773725519331888,-0.014011795462268384,Slowdown
2006-10-01,1.1549552711581907,1.1633607564744817,-0.014011795454817566,Slowdown
2006-11-01,1.2006124431718834,1.1493489610235537,-0.014011795447545383,Slowdown
2006-12-01,1.1005454259825087,1.135337165579391,-0.014011795441865371,Slowdown
2007-01-01,1.225546707066147,1.121325370139823,-0.01401179543855946,Slowdown
2007-02-01,1.243693878651704,1.107313574702272,-0.041979780852933635,Slowdown
2007-03-01,0.9083781022249433,1.0373658084339556,-0.06994776626863952,Slowdown
2007-04-01,1.0264826579872557,0.9674180421649929,-0.06994776626915883,Slowdown
2007-05-01,0.9010897674198302,0.897470275895638,-0.12841245918553917,Slowdown
2007-06-01,0.8181443655361939,0.7105931237939146,-0.21481552159166867,Slowdown
2007-07-01,0.5773727710304261,0.46783923271230066,-0.2427538910816356,Slowdown
2007-08-01,-0.12288835634483142,0.22508534163064345,-0.24275389108167736,Contraction
2007-09-01,-0.08052673543116862,-0.017668549451054057,-0.2427538910817082,Contraction
2007-10-01,0.09164861909888355,-0.2604224405327729,-0.259361375012769,Slowdown
2007-11-01,-0.5601639381807257,-0.5363912994765921,-0.2759688589438132,Contraction
2007-12-01,-0.6191198030949876,-0.8123601584203993,-0.2759688589437996,Contraction
2008-01-01,-1.1223774639944297,-1.0883290173641913,-0.2759688589437859,Contraction
2008-02-01,-1.5724512728982971,-1.3642978763079712,-0.2759688589437769,Contraction
2008-03-01,-2.0227213132508357,-1.640266735251745,-0.17009865969620996,Contraction
2008-04-01,-1.8395457691952593,-1.704495195700391,-0.06422846044864738,Contraction
2008-05-01,-1.5256290438213522,-1.7687236561490398,-0.06422846044864983,Contraction
2008-06-01,-1.7265306253278554,-1.8329521165976908,-0.0642284604486516,Contraction
2008-07-01,-1.8147813582888381,-1.897180577046343,-0.12903732584283434,Contraction
2008-08-01,-1.9622033108729218,-2.0910267682833594,-0.855052669752563,Contraction
2008-09-01,-2.864932831372353,-3.607285916551469,-1.5162591482681098,Contraction
2008-10-01,-5.994721607409133,-5.123545064819579,-1.4793532991670972,Contraction
2008-11-01,-6.709211737223855,-6.5659925148856635,-0.6138702778624765,Contraction
2008-12-01,-6.431883184728222,-6.351285620544532,0.21470689434113144,Recovery
2009-01-01,-5.853819140774613,-6.136578726203401,0.21470689434113188,Recovery
2009-02-01,-5.672721420815989,-5.921871831862268,0.21470689434113188,Recovery
2009-03-01,-6.015258147474315,-5.707164937521137,0.31768887152462355,Recovery
2009-04-01,-5.6412794694638135,-5.286494088813021,0.5043992788994558,Recovery
2009-05-01,-4.773774628293081,-4.698366379722225,0.5881277090907955,Recovery
2009-06-01,-3.849690119349809,-4.11023867063143,0.5881277090907953,Recovery
2009-07-01,-3.3978417957881453,-3.5221109615406347,0.5881277090907959,Recovery
2009-08-01,-2.8801307616096463,-2.9339832524498384,0.3634760969354025,Recovery
2009-09-01,-2.725564953020992,-2.7951587676698297,0.13882448478000864,Recovery
2009-10-01,-2.6739277245561333,-2.656334282889821,0.13882448478000842,Recovery
2009-11-01,-2.657517543022482,-2.517509798109813,0.13882448478000797,Recovery
2009-12-01,-2.3666476503641363,-2.378685313329805,0.13882448478000775,Recovery
2010-01-01,-2.103080255706676,-2.2398608285497974,0.0966584960517487,Recovery
2010-02-01,-2.3239432062888996,-2.1853683212263078,0.05449250732348987,Recovery
2010-03-01,-1.9706117774200604,-2.1308758139028177,-0.052038677006440937,Contraction
2010-04-01,-1.7967269631118528,-2.2894456752391896,-0.1585698613363724,Contraction
2010-05-01,-2.70638274268459,-2.4480155365755625,-0.1585698613363733,Contraction
2010-06-01,-2.931913497881758,-2.606585397911936,-0.05322986677222419,Contraction
2010-07-01,-2.6239972857128375,-2.554475270120011,0.06305720894088007,Recovery
2010-08-01,-2.4880371298612176,-2.480470980030176,0.07400429008982634,Recovery
2010-09-01,-2.420752020160478,-2.406466689940358,0.07400429008979414,Recovery
2010-10-01,-2.4069804900749903,-2.332462399850588,0.0740042900897313,Recovery
2010-11-01,-2.41790973431041,-2.2584581097608956,0.07400429008964182,Recovery
2010-12-01,-2.0814732246646654,-2.184453819671304,0.07400429008953568,Recovery
2011-01-01,-1.9231738136362089,-2.110449529581824,0.07400429008942666,Recovery
2011-02-01,-1.9350066086731448,-2.036445239492451,0.0740042900893304,Recovery
2011-03-01,-2.108476424285511,-1.9624409494031634,0.0740042900892609,Recovery
2011-04-01,-1.808752915786707,-1.888436659313929,0.03168217738400325,Recovery
2011-05-01,-1.858366053582894,-1.8990765946351569,-0.12645451566228127,Contraction
2011-06-01,-2.0122055518561206,-2.1413456906384916,-0.24226909600357105,Contraction
2011-07-01,-2.004762980609602,-2.383614786642299,-0.24226909600433033,Contraction
2011-08-01,-2.933850075236711,-2.6258838826471522,-0.2422690960054752,Contraction
2011-09-01,-3.108889271998566,-2.8681529786532494,-0.05766186417101893,Contraction
2011-10-01,-2.9424898361872813,-2.74120761098919,0.14339237125054405,Recovery
2011-11-01,-2.7077176262225224,-2.5813682361521613,0.15983937482685073,Recovery
2011-12-01,-2.400309045230198,-2.4215288613354886,0.15983937479396038,Recovery
2012-01-01,-2.1199520462759,-2.2616894865642405,0.1598393747438176,Recovery
2012-02-01,-1.937175755759521,-2.1018501118478534,0.12373394734645249,Recovery
2012-03-01,-1.7179101257396296,-2.0142215918713355,0.08272216554736778,Recovery
2012-04-01,-1.7788764142193965,-1.9364057807531179,0.07781581062330956,Recovery
2012-05-01,-2.092781198200587,-1.8585899706247164,0.07781580882375738,Recovery
2012-06-01,-2.0929041508006354,-1.780774163105603,0.0778158053600263,Recovery
2012-07-01,-1.8476333282028616,-1.7029583599046638,0.07781580035684454,Recovery
2012-08-01,-1.6330564329257862,-1.625142562391914,0.07781579431082764,Recovery
2012-09-01,-1.5383716715026088,-1.5473267712830086,0.07781578795975097,Recovery
2012-10-01,-1.2863899004666597,-1.469510986472412,0.07781578212447504,Recovery
2012-11-01,-1.3301305113667365,-1.3916952070340585,0.07781577754275626,Recovery
2012-12-01,-1.43701251323414,-1.3138794313868996,0.07781577471637702,Recovery
2013-01-01,-1.1155575273482226,-1.2360636576013044,0.04546320804479709,Recovery
2013-02-01,-1.1969673482519465,-1.2229530152973054,0.013110642989206611,Recovery
2013-03-01,-1.1172590561141287,-1.2098423716228912,0.013110644765879087,Recovery
2013-04-01,-1.1186793143551081,-1.1967317257655472,0.013110647082348992,Recovery
2013-05-01,-1.02894494089285,-1.1836210774581932,0.013110649423481502,Recovery
2013-06-01,-1.3941079338817104,-1.1705104269185842,0.013110651368082649,Recovery
2013-07-01,-1.2110938829892115,-1.157399774722028,0.013110652653072097,Recovery
2013-08-01,-1.1600321877134434,-1.14428912161244,0.013110653227756508,Recovery
2013-09-01,-1.1953860378858432,-1.131178468266515,0.030467600805049178,Recovery
2013-10-01,-1.1498025892359833,-1.0833539200023417,0.05321482817318235,Recovery
2013-11-01,-1.0444259356680845,-1.0247488119201502,0.058605105585039674,Recovery
2013-12-01,-0.9657387050386071,-0.9661437088322623,0.058605096618430275,Recovery
2014-01-01,-0.8967789187356192,-0.9075386186832897,0.05860507955903477,Recovery
2014-02-01,-0.9784156102301862,-0.8489335497141928,0.05860505525980925,Recovery
2014-03-01,-0.8557255609566334,-0.7903285081636712,0.05860502670016465,Recovery
2014-04-01,-0.6481959305560794,-0.7317234963138635,0.05860499859083118,Recovery
2014-05-01,-0.5129534115696149,-0.6731185109820088,0.05860497690925076,Recovery
2014-06-01,-0.522375852622192,-0.6145135424953619,0.019479074544408947,Recovery
2014-07-01,-0.555022992473974,-0.6341603618931909,-0.019646807362833973,Contraction
2014-08-01,-0.5764745734779687,-0.6538071572210299,-0.01964677008136484,Contraction
2014-09-01,-0.6295514941787107,-0.6734539020559206,-0.019646707618326875,Contraction
2014-10-01,-0.8791934009373552,-0.6931005724576836,-0.019646624418686254,Contraction
2014-11-01,-0.6710791397608966,-0.7127471508932931,-0.0196465282455901,Contraction
2014-12-01,-0.8909290576533668,-0.7323936289488638,-0.019646428825155215,Contraction
2015-01-01,-0.9777219109299105,-0.7520400085436035,-0.019646336279877163,Contraction
2015-02-01,-0.8208779760976598,-0.7716863015086182,-0.019646259509092934,Contraction
2015-03-01,-0.6983900481586113,-0.7913325275617894,-0.019646204681403157,Contraction
2015-04-01,-0.6657198819244613,-0.8109787108714245,-0.019646173984040838,Contraction
2015-05-01,-0.7463871478807489,-0.8306248755298711,-0.0674573207594385,Contraction
2015-06-01,-0.7782271305643882,-0.9458933523903015,-0.11526848091589714,Contraction
2015-07-01,-0.7531782159458182,-1.0611618373616654,-0.11526848920821875,Contraction
2015-08-01,-1.3392670989428388,-1.176430330806739,-0.11526849573633047,Contraction
2015-09-01,-1.6969101137751559,-1.2916988288343263,-0.08760923237246465,Contraction
2015-10-01,-1.370031280435712,-1.3516487955516683,-0.05994996575325895,Contraction
2015-11-01,-1.3035124951494057,-1.4115987603408442,-0.05994996384191564,Contraction
2015-12-01,-1.3068517994176791,-1.4715487232354996,-0.059949962437323756,Contraction
2016-01-01,-1.7044688950788687,-1.5314986852154917,0.037795093461766016,Recovery
2016-02-01,-1.783394587666837,-1.3959585363119675,0.1440796539337974,Recovery
2016-03-01,-1.175609129138009,-1.243339377347897,0.15261915884202526,Recovery
2016-04-01,-0.9103349351307091,-1.090720218627917,0.15261915841495605,Recovery
2016-05-01,-0.8108149603488713,-0.9381010605179848,0.15261915769002582,Recovery
2016-06-01,-0.9149506682254933,-0.7854819032478654,0.15261915691499867,Recovery
2016-07-01,-0.4841478044775944,-0.6328627466879875,0.11346197028863597,Recovery
2016-08-01,-0.4247469968757551,-0.5585579626705934,0.07430478474547306,Recovery
2016-09-01,-0.5373673183325312,-0.48425317719704136,0.07430478705814875,Recovery
2016-10-01,-0.41877874652927316,-0.40994838855429594,0.0743047909566065,Recovery
2016-11-01,-0.5488728662176278,-0.33564359528382837,0.07430479596096748,Recovery
2016-12-01,-0.2666826300506424,-0.261338796632361,0.0743048011766611,Recovery
2017-01-01,-0.08911445040522017,-0.18703399293050615,0.074304805372398,Recovery
2017-02-01,-0.0055819641763272115,-0.11272918588756496,0.07003624065240602,Recovery
2017-03-01,-0.040471097835135174,-0.046961511625694105,0.06576767174887835,Recovery
2017-04-01,-0.06973839471485178,0.018806157610191748,0.06576766441756769,Recovery
2017-05-01,0.05298347227122335,0.08457381720944128,0.0657676537682155,Expansion
2017-06-01,0.1253347705424164,0.15034146514662275,0.06576764337744931,Expansion
2017-07-01,0.3510638631526978,0.21610910396433988,0.05299581302986382,Expansion
2017-08-01,0.1653114359940533,0.2563330912063504,0.040223995608307764,Expansion
2017-09-01,0.31032367049160936,0.2965570951809554,0.040224018987185056,Expansion
2017-10-01,0.33481105445101167,0.3367811291807205,0.04022404812704086,Expansion
2017-11-01,0.46565975652296104,0.37700519143503713,0.014398731243263158,Expansion
2017-12-01,0.5172557700185523,0.3655785916672468,-0.011426631681870553,Slowdown
2018-01-01,0.5927641315278963,0.35415192807129603,-0.011426735993582765,Slowdown
2018-02-01,-0.025804002265160886,0.3427251196800813,-0.011426920175866634,Contraction
2018-03-01,0.082447306394834,0.33129808771956276,-0.011427173733246587,Slowdown
2018-04-01,0.21002911042478928,0.3198707722135881,-0.01142747130577032,Slowdown
2018-05-01,0.36601876488821333,0.3084431451080221,-0.011427776616434904,Slowdown
2018-06-01,0.33455099868938654,0.2970152189807183,-0.011428047103517941,Slowdown
2018-07-01,0.4071373318283763,0.28558705090098624,-0.01142823867296211,Slowdown
2018-08-01,0.4637406092969273,0.2741587416347941,-0.05442634197702709,Slowdown
2018-09-01,0.3719857794711353,0.17673436694693206,-0.09742428918934973,Slowdown
2018-10-01,0.060965346736605586,0.07931016325609463,-0.0974240605409493,Slowdown
2018-11-01,-0.12964362213911237,-0.018113754134966544,-0.09742378842765198,Contraction
2018-12-01,-0.4624221757248669,-0.11553741359920931,-0.019979064696790262,Contraction
2019-01-01,-0.23293650171530939,-0.05807188352854707,0.057465252666195774,Recovery
2019-02-01,0.05559292887469959,-0.0006069082668177584,0.057464344286772676,Expansion
2019-03-01,0.1520818198838401,0.05685680504499828,0.05746272782953332,Expansion
2019-04-01,0.3513838849607989,0.11431854739224889,0.057460465018592886,Expansion
2019-05-01,0.15192919631490734,0.17177773508218405,0.057457729445556605,Expansion
2019-06-01,0.14778040932657543,0.2292340062833621,0.05745477137407941,Expansion
2019-07-01,0.3689404572521863,0.28668727783034287,0.05745187519128267,Expansion
2019-08-01,0.1896956638008493,0.34413775666592744,0.05744931339858292,Expansion
2019-09-01,0.45613301240903437,0.4015859046275087,0.057447301565208775,Expansion
2019-10-01,0.40509562257128784,0.459032359796345,0.05744595848279563,Expansion
2019-11-01,0.5935396111109583,0.5164778215931,0.05744527487392939,Expansion
2019-12-01,0.5970090616247175,0.5739229095442038,-0.00121278828315885,Slowdown
2020-01-01,0.5140507247699031,0.5140522450267823,-0.4511690389678685,Slowdown
2020-02-01,0.2741664058286777,-0.3284151683915332,-1.5994844401572195,Slowdown
2020-03-01,-2.902476336911225,-2.684916635287657,-2.3565014656091003,Contraction
2020-04-01,-5.414041933564011,-5.041418099609734,-2.356501463527791,Contraction
2020-05-01,-8.410317124128369,-7.3979195623432386,-0.0011621492189837213,Contraction
2020-06-01,-4.043742389385792,-5.043742398047701,2.3234857989649473,Recovery
2020-07-01,-2.7509479669661854,-2.7509479644133434,1.4590163238388796,Recovery
2020-08-01,-2.125709750043939,-2.1257097503699423,0.4815863374891953,Recovery
2020-09-01,-1.7198825110660778,-1.7877752894349528,0.30134626581417256,Recovery
2020-10-01,-1.6540561028348555,-1.5230172187415971,0.2647580706931767,Recovery
2020-11-01,-1.1998597151439736,-1.2582591480485994,0.2647580706928751,Recovery
2020-12-01,-0.754790997988847,-0.9935010773558469,0.20725114790657517,Recovery
2021-01-01,-0.9427707102607704,-0.843756852235449,0.14974422512047225,Recovery
2021-02-01,-0.7855100297302029,-0.6940126271149024,0.14974422512064928,Recovery
2021-03-01,-0.7915835279449088,-0.5442684019941505,0.14974422512084903,Recovery
2021-04-01,-0.2550075020306876,-0.39452417687320435,0.14974422512101554,Recovery
2021-05-01,-0.32458946261839805,-0.24477995175211945,0.14974422512111707,Recovery
2021-06-01,0.09171361156309257,-0.09503572663097018,0.1329199324905381,Expansion
2021-07-01,0.1273095831425684,0.02105991322895675,0.1160956398599135,Expansion
2021-08-01,0.17074531352479017,0.13715555308885682,0.11609563985988665,Expansion
2021-09-01,0.19694857360588452,0.25325119294873005,0.1160956398598665,Expansion
2021-10-01,0.24321649961936478,0.3693468328085898,0.058047819929929884,Expansion
